duration,timeToSleep,year,month,dayofweek,Season
466.0,165,2000,Jun,Friday,Summer
391.0,262,2000,Jun,Saturday,Summer
378.0,267,2000,Jun,Sunday,Summer
371.0,169,2000,Jun,Monday,Summer
282.0,165,2000,Jun,Tuesday,Summer
345.0,255,2000,Jun,Wednesday,Summer
304.0,268,2000,Jun,Thursday,Summer
515.0,117,2000,Jun,Friday,Summer
371.0,168,2000,Jun,Saturday,Summer
353.0,168,2000,Jun,Sunday,Summer
288.0,216,2000,Jun,Monday,Summer
343.0,159,2000,Jun,Tuesday,Summer
340.0,269,2000,Jun,Wednesday,Summer
392.0,182,2000,Jun,Thursday,Summer
471.0,150,2000,Jun,Friday,Summer
417.0,268,2000,Jun,Saturday,Summer
387.0,643,2000,Jun,Sunday,Summer
373.0,231,2000,Jun,Monday,Summer
376.0,-52,2000,Jun,Tuesday,Summer
339.0,211,2000,Jun,Wednesday,Summer
346.0,-57,2000,Jun,Thursday,Summer
630.0,-61,2000,Jun,Friday,Summer
322.0,98,2000,Jun,Saturday,Summer
221.0,279,2000,Jun,Sunday,Summer
408.0,121,2000,Jun,Monday,Summer
425.0,81,2000,Jun,Tuesday,Summer
0.0,0,2000,Jun,Wednesday,Summer
519.0,58,2000,Jun,Thursday,Summer
309.0,279,2000,Jun,Friday,Summer
163.0,334,2000,Jul,Saturday,Summer
439.0,50,2000,Jul,Sunday,Summer
314.0,203,2000,Jul,Monday,Summer
470.0,44,2000,Jul,Tuesday,Summer
277.0,292,2000,Jul,Wednesday,Summer
479.0,195,2000,Jul,Thursday,Summer
435.0,-120,2000,Jul,Friday,Summer
0.0,0,2000,Jul,Saturday,Summer
349.0,65,2000,Jul,Sunday,Summer
0.0,0,2000,Jul,Monday,Summer
248.0,235,2000,Jul,Tuesday,Summer
414.0,88,2000,Jul,Wednesday,Summer
515.0,-26,2000,Jul,Thursday,Summer
357.0,145,2000,Jul,Friday,Summer
358.0,43,2000,Jul,Saturday,Summer
360.0,80,2000,Jul,Sunday,Summer
478.0,-6,2000,Jul,Monday,Summer
430.0,48,2000,Jul,Tuesday,Summer
455.0,14,2000,Jul,Wednesday,Summer
461.0,15,2000,Jul,Thursday,Summer
503.0,41,2000,Jul,Friday,Summer
359.0,118,2000,Jul,Saturday,Summer
267.0,200,2000,Jul,Sunday,Summer
411.0,64,2000,Jul,Monday,Summer
398.0,69,2000,Jul,Tuesday,Summer
442.0,43,2000,Jul,Wednesday,Summer
504.0,44,2000,Jul,Thursday,Summer
678.0,-67,2000,Jul,Friday,Summer
391.0,75,2000,Jul,Saturday,Summer
251.0,59,2000,Jul,Sunday,Summer
0.0,0,2000,Jul,Monday,Summer
371.0,103,2000,Aug,Tuesday,Summer
403.0,75,2000,Aug,Wednesday,Summer
593.0,25,2000,Aug,Thursday,Summer
604.0,52,2000,Aug,Friday,Summer
395.0,100,2000,Aug,Saturday,Summer
437.0,11,2000,Aug,Sunday,Summer
467.0,-28,2000,Aug,Monday,Summer
0.0,0,2000,Aug,Tuesday,Summer
239.0,27,2000,Aug,Wednesday,Summer
493.0,-15,2000,Aug,Thursday,Summer
478.0,117,2000,Aug,Friday,Summer
489.0,99,2000,Aug,Saturday,Summer
546.0,14,2000,Aug,Sunday,Summer
0.0,0,2000,Aug,Monday,Summer
0.0,0,2000,Aug,Tuesday,Summer
0.0,0,2000,Aug,Wednesday,Summer
0.0,0,2000,Aug,Thursday,Summer
0.0,0,2000,Aug,Friday,Summer
0.0,0,2000,Aug,Saturday,Summer
0.0,0,2000,Aug,Sunday,Summer
0.0,0,2000,Aug,Monday,Summer
0.0,0,2000,Aug,Tuesday,Summer
217.0,339,2000,Aug,Wednesday,Summer
378.0,165,2000,Aug,Thursday,Summer
444.0,223,2000,Aug,Friday,Summer
321.0,179,2000,Aug,Saturday,Summer
457.0,46,2000,Aug,Sunday,Summer
409.0,70,2000,Aug,Monday,Summer
384.0,121,2000,Aug,Tuesday,Summer
367.0,122,2000,Aug,Wednesday,Summer
0.0,0,2000,Aug,Thursday,Summer
576.0,90,2000,Sep,Friday,Fall
280.0,207,2000,Sep,Saturday,Fall
363.0,119,2000,Sep,Sunday,Fall
407.0,127,2000,Sep,Monday,Fall
455.0,131,2000,Sep,Tuesday,Fall
321.0,155,2000,Sep,Wednesday,Fall
533.0,128,2000,Sep,Thursday,Fall
471.0,198,2000,Sep,Friday,Fall
402.0,114,2000,Sep,Saturday,Fall
427.0,74,2000,Sep,Sunday,Fall
0.0,0,2000,Sep,Monday,Fall
423.0,137,2000,Sep,Tuesday,Fall
411.0,87,2000,Sep,Wednesday,Fall
520.0,133,2000,Sep,Thursday,Fall
0.0,0,2000,Sep,Friday,Fall
334.0,166,2000,Sep,Saturday,Fall
369.0,254,2000,Sep,Sunday,Fall
419.0,82,2000,Sep,Monday,Fall
367.0,98,2000,Sep,Tuesday,Fall
306.0,253,2000,Sep,Wednesday,Fall
362.0,234,2000,Sep,Thursday,Fall
641.0,53,2000,Sep,Friday,Fall
349.0,218,2000,Sep,Saturday,Fall
356.0,133,2000,Sep,Sunday,Fall
399.0,98,2000,Sep,Monday,Fall
331.0,159,2000,Sep,Tuesday,Fall
409.0,40,2000,Sep,Wednesday,Fall
537.0,117,2000,Sep,Thursday,Fall
383.0,165,2000,Sep,Friday,Fall
0.0,0,2000,Sep,Saturday,Fall
0.0,0,2000,Oct,Sunday,Fall
0.0,0,2000,Oct,Monday,Fall
0.0,0,2000,Oct,Tuesday,Fall
0.0,0,2000,Oct,Wednesday,Fall
0.0,0,2000,Oct,Thursday,Fall
0.0,0,2000,Oct,Friday,Fall
0.0,0,2000,Oct,Saturday,Fall
0.0,0,2000,Oct,Sunday,Fall
282.0,336,2000,Oct,Monday,Fall
331.0,147,2000,Oct,Tuesday,Fall
498.0,48,2000,Oct,Wednesday,Fall
644.0,-45,2000,Oct,Thursday,Fall
506.0,10,2000,Oct,Friday,Fall
373.0,132,2000,Oct,Saturday,Fall
320.0,149,2000,Oct,Sunday,Fall
415.0,93,2000,Oct,Monday,Fall
456.0,89,2000,Oct,Tuesday,Fall
438.0,62,2000,Oct,Wednesday,Fall
452.0,82,2000,Oct,Thursday,Fall
341.0,173,2000,Oct,Friday,Fall
447.0,-7,2000,Oct,Saturday,Fall
573.0,-101,2000,Oct,Sunday,Fall
385.0,89,2000,Oct,Monday,Fall
324.0,163,2000,Oct,Tuesday,Fall
376.0,107,2000,Oct,Wednesday,Fall
0.0,0,2000,Oct,Thursday,Fall
510.0,48,2000,Oct,Friday,Fall
361.0,125,2000,Oct,Saturday,Fall
269.0,229,2000,Oct,Sunday,Fall
510.0,-31,2000,Oct,Monday,Fall
382.0,34,2000,Oct,Tuesday,Fall
454.0,24,2000,Nov,Wednesday,Fall
451.0,84,2000,Nov,Thursday,Fall
227.0,135,2000,Nov,Friday,Fall
0.0,0,2000,Nov,Saturday,Fall
354.0,56,2000,Nov,Sunday,Fall
357.0,117,2000,Nov,Monday,Fall
440.0,39,2000,Nov,Tuesday,Fall
330.0,112,2000,Nov,Wednesday,Fall
646.0,-34,2000,Nov,Thursday,Fall
0.0,0,2000,Nov,Friday,Fall
192.0,185,2000,Nov,Saturday,Fall
535.0,-55,2000,Nov,Sunday,Fall
374.0,104,2000,Nov,Monday,Fall
381.0,79,2000,Nov,Tuesday,Fall
618.0,-28,2000,Nov,Wednesday,Fall
431.0,-95,2000,Nov,Thursday,Fall
0.0,0,2000,Nov,Friday,Fall
0.0,0,2000,Nov,Saturday,Fall
73.0,418,2000,Nov,Sunday,Fall
323.0,5,2000,Nov,Monday,Fall
459.0,6,2000,Nov,Tuesday,Fall
401.0,79,2000,Nov,Wednesday,Fall
635.0,111,2000,Nov,Thursday,Fall
582.0,-50,2000,Nov,Friday,Fall
392.0,78,2000,Nov,Saturday,Fall
159.0,154,2000,Nov,Sunday,Fall
535.0,-66,2000,Nov,Monday,Fall
305.0,30,2000,Nov,Tuesday,Fall
471.0,-7,2000,Nov,Wednesday,Fall
419.0,-25,2000,Nov,Thursday,Fall
572.0,1,2000,Dec,Friday,Winter
361.0,98,2000,Dec,Saturday,Winter
442.0,35,2000,Dec,Sunday,Winter
424.0,65,2000,Dec,Monday,Winter
342.0,136,2000,Dec,Tuesday,Winter
451.0,32,2000,Dec,Wednesday,Winter
528.0,17,2000,Dec,Thursday,Winter
367.0,176,2000,Dec,Friday,Winter
415.0,73,2000,Dec,Saturday,Winter
377.0,103,2000,Dec,Sunday,Winter
0.0,0,2000,Dec,Monday,Winter
425.0,62,2000,Dec,Tuesday,Winter
508.0,-15,2000,Dec,Wednesday,Winter
336.0,193,2000,Dec,Thursday,Winter
243.0,266,2000,Dec,Friday,Winter
287.0,132,2000,Dec,Saturday,Winter
433.0,41,2000,Dec,Sunday,Winter
506.0,144,2000,Dec,Monday,Winter
362.0,-300,2000,Dec,Tuesday,Winter
239.0,124,2000,Dec,Wednesday,Winter
428.0,97,2000,Dec,Thursday,Winter
534.0,-17,2000,Dec,Friday,Winter
561.0,-132,2000,Dec,Saturday,Winter
309.0,136,2000,Dec,Sunday,Winter
279.0,199,2000,Dec,Monday,Winter
463.0,0,2000,Dec,Tuesday,Winter
547.0,-40,2000,Dec,Wednesday,Winter
516.0,-29,2000,Dec,Thursday,Winter
0.0,0,2000,Dec,Friday,Winter
392.0,37,2000,Dec,Saturday,Winter
417.0,59,2000,Dec,Sunday,Winter
333.0,13,2001,Jan,Monday,Winter
369.0,84,2001,Jan,Tuesday,Winter
331.0,119,2001,Jan,Wednesday,Winter
544.0,126,2001,Jan,Thursday,Winter
277.0,247,2001,Jan,Friday,Winter
362.0,101,2001,Jan,Saturday,Winter
358.0,35,2001,Jan,Sunday,Winter
469.0,-14,2001,Jan,Monday,Winter
511.0,-4,2001,Jan,Tuesday,Winter
407.0,95,2001,Jan,Wednesday,Winter
597.0,68,2001,Jan,Thursday,Winter
672.0,13,2001,Jan,Friday,Winter
405.0,93,2001,Jan,Saturday,Winter
396.0,105,2001,Jan,Sunday,Winter
445.0,82,2001,Jan,Monday,Winter
289.0,194,2001,Jan,Tuesday,Winter
391.0,36,2001,Jan,Wednesday,Winter
457.0,136,2001,Jan,Thursday,Winter
468.0,76,2001,Jan,Friday,Winter
380.0,-3,2001,Jan,Saturday,Winter
305.0,101,2001,Jan,Sunday,Winter
306.0,184,2001,Jan,Monday,Winter
339.0,165,2001,Jan,Tuesday,Winter
419.0,53,2001,Jan,Wednesday,Winter
285.0,114,2001,Jan,Thursday,Winter
455.0,-5,2001,Jan,Friday,Winter
437.0,76,2001,Jan,Saturday,Winter
571.0,-82,2001,Jan,Sunday,Winter
438.0,51,2001,Jan,Monday,Winter
405.0,65,2001,Jan,Tuesday,Winter
342.0,124,2001,Jan,Wednesday,Winter
539.0,-37,2001,Feb,Thursday,Winter
468.0,-9,2001,Feb,Friday,Winter
546.0,-33,2001,Feb,Saturday,Winter
431.0,-13,2001,Feb,Sunday,Winter
314.0,175,2001,Feb,Monday,Winter
384.0,34,2001,Feb,Tuesday,Winter
386.0,92,2001,Feb,Wednesday,Winter
380.0,116,2001,Feb,Thursday,Winter
287.0,95,2001,Feb,Friday,Winter
382.0,104,2001,Feb,Saturday,Winter
368.0,64,2001,Feb,Sunday,Winter
393.0,91,2001,Feb,Monday,Winter
323.0,180,2001,Feb,Tuesday,Winter
556.0,111,2001,Feb,Wednesday,Winter
462.0,54,2001,Feb,Thursday,Winter
459.0,71,2001,Feb,Friday,Winter
395.0,58,2001,Feb,Saturday,Winter
379.0,96,2001,Feb,Sunday,Winter
539.0,87,2001,Feb,Monday,Winter
574.0,-39,2001,Feb,Tuesday,Winter
557.0,48,2001,Feb,Wednesday,Winter
790.0,-124,2001,Feb,Thursday,Winter
509.0,57,2001,Feb,Friday,Winter
327.0,116,2001,Feb,Saturday,Winter
541.0,-87,2001,Feb,Sunday,Winter
369.0,60,2001,Feb,Monday,Winter
363.0,105,2001,Feb,Tuesday,Winter
373.0,60,2001,Feb,Wednesday,Winter
473.0,70,2001,Mar,Thursday,Spring
609.0,125,2001,Mar,Friday,Spring
305.0,194,2001,Mar,Saturday,Spring
432.0,1,2001,Mar,Sunday,Spring
408.0,18,2001,Mar,Monday,Spring
385.0,117,2001,Mar,Tuesday,Spring
376.0,82,2001,Mar,Wednesday,Spring
579.0,13,2001,Mar,Thursday,Spring
406.0,220,2001,Mar,Friday,Spring
409.0,88,2001,Mar,Saturday,Spring
390.0,135,2001,Mar,Sunday,Spring
400.0,18,2001,Mar,Monday,Spring
446.0,64,2001,Mar,Tuesday,Spring
368.0,106,2001,Mar,Wednesday,Spring
443.0,24,2001,Mar,Thursday,Spring
612.0,136,2001,Mar,Friday,Spring
300.0,180,2001,Mar,Saturday,Spring
496.0,35,2001,Mar,Sunday,Spring
379.0,104,2001,Mar,Monday,Spring
408.0,26,2001,Mar,Tuesday,Spring
340.0,201,2001,Mar,Wednesday,Spring
431.0,220,2001,Mar,Thursday,Spring
523.0,113,2001,Mar,Friday,Spring
285.0,194,2001,Mar,Saturday,Spring
405.0,66,2001,Mar,Sunday,Spring
324.0,242,2001,Mar,Monday,Spring
334.0,101,2001,Mar,Tuesday,Spring
400.0,57,2001,Mar,Wednesday,Spring
740.0,55,2001,Mar,Thursday,Spring
331.0,282,2001,Mar,Friday,Spring
321.0,203,2001,Mar,Saturday,Spring
258.0,219,2001,Apr,Sunday,Spring
338.0,54,2001,Apr,Monday,Spring
337.0,151,2001,Apr,Tuesday,Spring
356.0,176,2001,Apr,Wednesday,Spring
507.0,244,2001,Apr,Thursday,Spring
460.0,138,2001,Apr,Friday,Spring
278.0,272,2001,Apr,Saturday,Spring
376.0,162,2001,Apr,Sunday,Spring
288.0,200,2001,Apr,Monday,Spring
406.0,215,2001,Apr,Tuesday,Spring
512.0,208,2001,Apr,Wednesday,Spring
412.0,195,2001,Apr,Thursday,Spring
554.0,172,2001,Apr,Friday,Spring
410.0,-41,2001,Apr,Saturday,Spring
433.0,292,2001,Apr,Sunday,Spring
383.0,311,2001,Apr,Monday,Spring
403.0,532,2001,Apr,Tuesday,Spring
433.0,-110,2001,Apr,Wednesday,Spring
330.0,400,2001,Apr,Thursday,Spring
195.0,1083,2001,Apr,Friday,Spring
681.0,406,2001,Apr,Saturday,Spring
503.0,33,2001,Apr,Sunday,Spring
286.0,749,2001,Apr,Monday,Spring
449.0,553,2001,Apr,Tuesday,Spring
238.0,258,2001,Apr,Wednesday,Spring
457.0,497,2001,Apr,Thursday,Spring
373.0,552,2001,Apr,Friday,Spring
345.0,565,2001,Apr,Saturday,Spring
446.0,162,2001,Apr,Sunday,Spring
194.0,544,2001,Apr,Monday,Spring
602.0,46,2001,May,Tuesday,Spring
0.0,0,2001,May,Wednesday,Spring
185.0,217,2001,May,Thursday,Spring
176.0,785,2001,May,Friday,Spring
194.0,355,2001,May,Saturday,Spring
476.0,-129,2001,May,Sunday,Spring
446.0,-12,2001,May,Monday,Spring
280.0,6,2001,May,Tuesday,Spring
404.0,-17,2001,May,Wednesday,Spring
592.0,77,2001,May,Thursday,Spring
485.0,-57,2001,May,Friday,Spring
491.0,-81,2001,May,Saturday,Spring
397.0,65,2001,May,Sunday,Spring
497.0,-17,2001,May,Monday,Spring
428.0,54,2001,May,Tuesday,Spring
433.0,19,2001,May,Wednesday,Spring
476.0,38,2001,May,Thursday,Spring
430.0,158,2001,May,Friday,Spring
322.0,147,2001,May,Saturday,Spring
381.0,92,2001,May,Sunday,Spring
465.0,-5,2001,May,Monday,Spring
463.0,51,2001,May,Tuesday,Spring
288.0,123,2001,May,Wednesday,Spring
578.0,35,2001,May,Thursday,Spring
542.0,62,2001,May,Friday,Spring
444.0,96,2001,May,Saturday,Spring
456.0,107,2001,May,Sunday,Spring
398.0,67,2001,May,Monday,Spring
498.0,45,2001,May,Tuesday,Spring
446.0,91,2001,May,Wednesday,Spring
588.0,65,2001,May,Thursday,Spring
436.0,230,2001,Jun,Friday,Summer
472.0,64,2001,Jun,Saturday,Summer
393.0,146,2001,Jun,Sunday,Summer
412.0,105,2001,Jun,Monday,Summer
503.0,115,2001,Jun,Tuesday,Summer
508.0,135,2001,Jun,Wednesday,Summer
525.0,146,2001,Jun,Thursday,Summer
328.0,261,2001,Jun,Friday,Summer
363.0,179,2001,Jun,Saturday,Summer
510.0,151,2001,Jun,Sunday,Summer
442.0,-52,2001,Jun,Monday,Summer
314.0,187,2001,Jun,Tuesday,Summer
357.0,160,2001,Jun,Wednesday,Summer
407.0,121,2001,Jun,Thursday,Summer
504.0,182,2001,Jun,Friday,Summer
403.0,116,2001,Jun,Saturday,Summer
331.0,100,2001,Jun,Sunday,Summer
534.0,118,2001,Jun,Monday,Summer
342.0,154,2001,Jun,Tuesday,Summer
393.0,110,2001,Jun,Wednesday,Summer
466.0,158,2001,Jun,Thursday,Summer
377.0,203,2001,Jun,Friday,Summer
358.0,135,2001,Jun,Saturday,Summer
416.0,27,2001,Jun,Sunday,Summer
384.0,43,2001,Jun,Monday,Summer
464.0,49,2001,Jun,Tuesday,Summer
419.0,111,2001,Jun,Wednesday,Summer
488.0,5,2001,Jun,Thursday,Summer
433.0,69,2001,Jun,Friday,Summer
443.0,66,2001,Jun,Saturday,Summer
479.0,68,2001,Jul,Sunday,Summer
561.0,-68,2001,Jul,Monday,Summer
381.0,11,2001,Jul,Tuesday,Summer
462.0,-22,2001,Jul,Wednesday,Summer
430.0,-6,2001,Jul,Thursday,Summer
418.0,109,2001,Jul,Friday,Summer
415.0,67,2001,Jul,Saturday,Summer
459.0,-4,2001,Jul,Sunday,Summer
364.0,146,2001,Jul,Monday,Summer
394.0,14,2001,Jul,Tuesday,Summer
432.0,19,2001,Jul,Wednesday,Summer
404.0,68,2001,Jul,Thursday,Summer
447.0,41,2001,Jul,Friday,Summer
502.0,58,2001,Jul,Saturday,Summer
666.0,-91,2001,Jul,Sunday,Summer
328.0,142,2001,Jul,Monday,Summer
484.0,28,2001,Jul,Tuesday,Summer
425.0,73,2001,Jul,Wednesday,Summer
545.0,52,2001,Jul,Thursday,Summer
373.0,103,2001,Jul,Friday,Summer
446.0,27,2001,Jul,Saturday,Summer
318.0,67,2001,Jul,Sunday,Summer
386.0,61,2001,Jul,Monday,Summer
430.0,64,2001,Jul,Tuesday,Summer
489.0,12,2001,Jul,Wednesday,Summer
560.0,31,2001,Jul,Thursday,Summer
660.0,-135,2001,Jul,Friday,Summer
514.0,-20,2001,Jul,Saturday,Summer
486.0,19,2001,Jul,Sunday,Summer
430.0,20,2001,Jul,Monday,Summer
410.0,69,2001,Jul,Tuesday,Summer
374.0,105,2001,Aug,Wednesday,Summer
439.0,161,2001,Aug,Thursday,Summer
436.0,78,2001,Aug,Friday,Summer
292.0,217,2001,Aug,Saturday,Summer
430.0,37,2001,Aug,Sunday,Summer
336.0,65,2001,Aug,Monday,Summer
378.0,46,2001,Aug,Tuesday,Summer
367.0,48,2001,Aug,Wednesday,Summer
342.0,93,2001,Aug,Thursday,Summer
611.0,53,2001,Aug,Friday,Summer
379.0,135,2001,Aug,Saturday,Summer
473.0,15,2001,Aug,Sunday,Summer
304.0,35,2001,Aug,Monday,Summer
446.0,19,2001,Aug,Tuesday,Summer
492.0,73,2001,Aug,Wednesday,Summer
676.0,-82,2001,Aug,Thursday,Summer
430.0,80,2001,Aug,Friday,Summer
259.0,219,2001,Aug,Saturday,Summer
381.0,91,2001,Aug,Sunday,Summer
431.0,51,2001,Aug,Monday,Summer
368.0,151,2001,Aug,Tuesday,Summer
339.0,124,2001,Aug,Wednesday,Summer
475.0,-8,2001,Aug,Thursday,Summer
489.0,62,2001,Aug,Friday,Summer
309.0,64,2001,Aug,Saturday,Summer
425.0,61,2001,Aug,Sunday,Summer
414.0,-33,2001,Aug,Monday,Summer
423.0,-16,2001,Aug,Tuesday,Summer
323.0,-13,2001,Aug,Wednesday,Summer
488.0,-2,2001,Aug,Thursday,Summer
476.0,17,2001,Aug,Friday,Summer
467.0,35,2001,Sep,Saturday,Fall
398.0,73,2001,Sep,Sunday,Fall
405.0,46,2001,Sep,Monday,Fall
361.0,89,2001,Sep,Tuesday,Fall
504.0,51,2001,Sep,Wednesday,Fall
475.0,-63,2001,Sep,Thursday,Fall
518.0,6,2001,Sep,Friday,Fall
418.0,76,2001,Sep,Saturday,Fall
402.0,59,2001,Sep,Sunday,Fall
509.0,30,2001,Sep,Monday,Fall
493.0,6,2001,Sep,Tuesday,Fall
456.0,14,2001,Sep,Wednesday,Fall
471.0,31,2001,Sep,Thursday,Fall
459.0,66,2001,Sep,Friday,Fall
436.0,45,2001,Sep,Saturday,Fall
417.0,55,2001,Sep,Sunday,Fall
348.0,142,2001,Sep,Monday,Fall
422.0,66,2001,Sep,Tuesday,Fall
332.0,78,2001,Sep,Wednesday,Fall
344.0,195,2001,Sep,Thursday,Fall
596.0,-49,2001,Sep,Friday,Fall
425.0,91,2001,Sep,Saturday,Fall
440.0,41,2001,Sep,Sunday,Fall
297.0,194,2001,Sep,Monday,Fall
408.0,109,2001,Sep,Tuesday,Fall
341.0,51,2001,Sep,Wednesday,Fall
511.0,5,2001,Sep,Thursday,Fall
410.0,157,2001,Sep,Friday,Fall
378.0,102,2001,Sep,Saturday,Fall
476.0,49,2001,Sep,Sunday,Fall
257.0,45,2001,Oct,Monday,Fall
583.0,-40,2001,Oct,Tuesday,Fall
443.0,43,2001,Oct,Wednesday,Fall
400.0,87,2001,Oct,Thursday,Fall
437.0,61,2001,Oct,Friday,Fall
409.0,68,2001,Oct,Saturday,Fall
151.0,88,2001,Oct,Sunday,Fall
434.0,39,2001,Oct,Monday,Fall
425.0,54,2001,Oct,Tuesday,Fall
433.0,44,2001,Oct,Wednesday,Fall
557.0,93,2001,Oct,Thursday,Fall
398.0,909,2001,Oct,Friday,Fall
646.0,-212,2001,Oct,Saturday,Fall
594.0,-17,2001,Oct,Sunday,Fall
475.0,-50,2001,Oct,Monday,Fall
334.0,339,2001,Oct,Tuesday,Fall
390.0,180,2001,Oct,Wednesday,Fall
373.0,191,2001,Oct,Thursday,Fall
500.0,80,2001,Oct,Friday,Fall
215.0,180,2001,Oct,Saturday,Fall
436.0,106,2001,Oct,Sunday,Fall
373.0,97,2001,Oct,Monday,Fall
440.0,68,2001,Oct,Tuesday,Fall
441.0,66,2001,Oct,Wednesday,Fall
403.0,88,2001,Oct,Thursday,Fall
333.0,50,2001,Oct,Friday,Fall
352.0,77,2001,Oct,Saturday,Fall
439.0,54,2001,Oct,Sunday,Fall
333.0,165,2001,Oct,Monday,Fall
371.0,160,2001,Oct,Tuesday,Fall
339.0,153,2001,Oct,Wednesday,Fall
338.0,147,2001,Nov,Thursday,Fall
359.0,123,2001,Nov,Friday,Fall
402.0,83,2001,Nov,Saturday,Fall
398.0,110,2001,Nov,Sunday,Fall
322.0,76,2001,Nov,Monday,Fall
360.0,78,2001,Nov,Tuesday,Fall
393.0,81,2001,Nov,Wednesday,Fall
386.0,103,2001,Nov,Thursday,Fall
509.0,25,2001,Nov,Friday,Fall
357.0,129,2001,Nov,Saturday,Fall
425.0,90,2001,Nov,Sunday,Fall
324.0,107,2001,Nov,Monday,Fall
454.0,27,2001,Nov,Tuesday,Fall
291.0,195,2001,Nov,Wednesday,Fall
426.0,53,2001,Nov,Thursday,Fall
531.0,13,2001,Nov,Friday,Fall
424.0,55,2001,Nov,Saturday,Fall
407.0,101,2001,Nov,Sunday,Fall
512.0,-52,2001,Nov,Monday,Fall
367.0,106,2001,Nov,Tuesday,Fall
439.0,42,2001,Nov,Wednesday,Fall
376.0,88,2001,Nov,Thursday,Fall
233.0,164,2001,Nov,Friday,Fall
251.0,100,2001,Nov,Saturday,Fall
370.0,37,2001,Nov,Sunday,Fall
429.0,6,2001,Nov,Monday,Fall
326.0,155,2001,Nov,Tuesday,Fall
495.0,44,2001,Nov,Wednesday,Fall
570.0,-45,2001,Nov,Thursday,Fall
427.0,111,2001,Nov,Friday,Fall
474.0,7,2001,Dec,Saturday,Winter
378.0,99,2001,Dec,Sunday,Winter
370.0,117,2001,Dec,Monday,Winter
446.0,37,2001,Dec,Tuesday,Winter
302.0,112,2001,Dec,Wednesday,Winter
504.0,66,2001,Dec,Thursday,Winter
579.0,-85,2001,Dec,Friday,Winter
400.0,7,2001,Dec,Saturday,Winter
436.0,31,2001,Dec,Sunday,Winter
417.0,113,2001,Dec,Monday,Winter
393.0,70,2001,Dec,Tuesday,Winter
423.0,9,2001,Dec,Wednesday,Winter
328.0,40,2001,Dec,Thursday,Winter
498.0,18,2001,Dec,Friday,Winter
331.0,153,2001,Dec,Saturday,Winter
369.0,106,2001,Dec,Sunday,Winter
324.0,85,2001,Dec,Monday,Winter
379.0,103,2001,Dec,Tuesday,Winter
401.0,39,2001,Dec,Wednesday,Winter
590.0,73,2001,Dec,Thursday,Winter
421.0,100,2001,Dec,Friday,Winter
529.0,-18,2001,Dec,Saturday,Winter
443.0,52,2001,Dec,Sunday,Winter
465.0,24,2001,Dec,Monday,Winter
441.0,37,2001,Dec,Tuesday,Winter
408.0,36,2001,Dec,Wednesday,Winter
300.0,93,2001,Dec,Thursday,Winter
556.0,20,2001,Dec,Friday,Winter
323.0,159,2001,Dec,Saturday,Winter
390.0,90,2001,Dec,Sunday,Winter
445.0,34,2001,Dec,Monday,Winter
497.0,104,2002,Jan,Tuesday,Winter
412.0,66,2002,Jan,Wednesday,Winter
413.0,127,2002,Jan,Thursday,Winter
530.0,170,2002,Jan,Friday,Winter
386.0,100,2002,Jan,Saturday,Winter
388.0,-2,2002,Jan,Sunday,Winter
358.0,154,2002,Jan,Monday,Winter
298.0,186,2002,Jan,Tuesday,Winter
432.0,115,2002,Jan,Wednesday,Winter
615.0,164,2002,Jan,Thursday,Winter
294.0,187,2002,Jan,Friday,Winter
336.0,41,2002,Jan,Saturday,Winter
444.0,30,2002,Jan,Sunday,Winter
400.0,49,2002,Jan,Monday,Winter
368.0,129,2002,Jan,Tuesday,Winter
385.0,154,2002,Jan,Wednesday,Winter
329.0,169,2002,Jan,Thursday,Winter
434.0,45,2002,Jan,Friday,Winter
334.0,150,2002,Jan,Saturday,Winter
425.0,52,2002,Jan,Sunday,Winter
293.0,127,2002,Jan,Monday,Winter
430.0,88,2002,Jan,Tuesday,Winter
491.0,48,2002,Jan,Wednesday,Winter
650.0,129,2002,Jan,Thursday,Winter
439.0,149,2002,Jan,Friday,Winter
318.0,221,2002,Jan,Saturday,Winter
269.0,298,2002,Jan,Sunday,Winter
395.0,116,2002,Jan,Monday,Winter
430.0,80,2002,Jan,Tuesday,Winter
401.0,137,2002,Jan,Wednesday,Winter
414.0,131,2002,Jan,Thursday,Winter
616.0,-98,2002,Feb,Friday,Winter
380.0,164,2002,Feb,Saturday,Winter
411.0,-73,2002,Feb,Sunday,Winter
358.0,65,2002,Feb,Monday,Winter
461.0,25,2002,Feb,Tuesday,Winter
321.0,93,2002,Feb,Wednesday,Winter
462.0,63,2002,Feb,Thursday,Winter
445.0,112,2002,Feb,Friday,Winter
490.0,-94,2002,Feb,Saturday,Winter
272.0,174,2002,Feb,Sunday,Winter
333.0,141,2002,Feb,Monday,Winter
509.0,75,2002,Feb,Tuesday,Winter
356.0,166,2002,Feb,Wednesday,Winter
415.0,90,2002,Feb,Thursday,Winter
353.0,224,2002,Feb,Friday,Winter
425.0,99,2002,Feb,Saturday,Winter
540.0,120,2002,Feb,Sunday,Winter
320.0,219,2002,Feb,Monday,Winter
287.0,199,2002,Feb,Tuesday,Winter
350.0,131,2002,Feb,Wednesday,Winter
659.0,133,2002,Feb,Thursday,Winter
349.0,159,2002,Feb,Friday,Winter
457.0,33,2002,Feb,Saturday,Winter
212.0,1195,2002,Feb,Sunday,Winter
481.0,112,2002,Feb,Monday,Winter
403.0,-41,2002,Feb,Tuesday,Winter
78.0,1362,2002,Feb,Wednesday,Winter
502.0,-79,2002,Feb,Thursday,Winter
386.0,-11,2002,Mar,Friday,Spring
441.0,9,2002,Mar,Saturday,Spring
321.0,158,2002,Mar,Sunday,Spring
308.0,79,2002,Mar,Monday,Spring
278.0,78,2002,Mar,Tuesday,Spring
379.0,19,2002,Mar,Wednesday,Spring
445.0,91,2002,Mar,Thursday,Spring
365.0,48,2002,Mar,Friday,Spring
438.0,18,2002,Mar,Saturday,Spring
376.0,34,2002,Mar,Sunday,Spring
222.0,287,2002,Mar,Monday,Spring
404.0,80,2002,Mar,Tuesday,Spring
442.0,31,2002,Mar,Wednesday,Spring
389.0,92,2002,Mar,Thursday,Spring
558.0,80,2002,Mar,Friday,Spring
403.0,92,2002,Mar,Saturday,Spring
327.0,153,2002,Mar,Sunday,Spring
448.0,84,2002,Mar,Monday,Spring
412.0,123,2002,Mar,Tuesday,Spring
567.0,74,2002,Mar,Wednesday,Spring
567.0,119,2002,Mar,Thursday,Spring
411.0,104,2002,Mar,Friday,Spring
443.0,108,2002,Mar,Saturday,Spring
498.0,104,2002,Mar,Sunday,Spring
454.0,115,2002,Mar,Monday,Spring
307.0,193,2002,Mar,Tuesday,Spring
456.0,134,2002,Mar,Wednesday,Spring
423.0,175,2002,Mar,Thursday,Spring
611.0,-56,2002,Mar,Friday,Spring
418.0,83,2002,Mar,Saturday,Spring
314.0,119,2002,Mar,Sunday,Spring
427.0,148,2002,Apr,Monday,Spring
594.0,-67,2002,Apr,Tuesday,Spring
254.0,95,2002,Apr,Wednesday,Spring
316.0,147,2002,Apr,Thursday,Spring
435.0,84,2002,Apr,Friday,Spring
376.0,145,2002,Apr,Saturday,Spring
536.0,-10,2002,Apr,Sunday,Spring
453.0,102,2002,Apr,Monday,Spring
479.0,-47,2002,Apr,Tuesday,Spring
485.0,106,2002,Apr,Wednesday,Spring
427.0,233,2002,Apr,Thursday,Spring
536.0,116,2002,Apr,Friday,Spring
457.0,166,2002,Apr,Saturday,Spring
256.0,499,2002,Apr,Sunday,Spring
365.0,351,2002,Apr,Monday,Spring
533.0,208,2002,Apr,Tuesday,Spring
428.0,193,2002,Apr,Wednesday,Spring
227.0,206,2002,Apr,Thursday,Spring
574.0,109,2002,Apr,Friday,Spring
292.0,218,2002,Apr,Saturday,Spring
718.0,62,2002,Apr,Sunday,Spring
211.0,187,2002,Apr,Monday,Spring
403.0,127,2002,Apr,Tuesday,Spring
336.0,182,2002,Apr,Wednesday,Spring
276.0,83,2002,Apr,Thursday,Spring
581.0,156,2002,Apr,Friday,Spring
282.0,177,2002,Apr,Saturday,Spring
427.0,125,2002,Apr,Sunday,Spring
310.0,90,2002,Apr,Monday,Spring
409.0,75,2002,Apr,Tuesday,Spring
311.0,113,2002,May,Wednesday,Spring
496.0,109,2002,May,Thursday,Spring
518.0,165,2002,May,Friday,Spring
661.0,-90,2002,May,Saturday,Spring
500.0,-66,2002,May,Sunday,Spring
289.0,287,2002,May,Monday,Spring
297.0,262,2002,May,Tuesday,Spring
384.0,35,2002,May,Wednesday,Spring
367.0,89,2002,May,Thursday,Spring
493.0,53,2002,May,Friday,Spring
378.0,117,2002,May,Saturday,Spring
488.0,45,2002,May,Sunday,Spring
377.0,10,2002,May,Monday,Spring
380.0,38,2002,May,Tuesday,Spring
427.0,48,2002,May,Wednesday,Spring
663.0,18,2002,May,Thursday,Spring
231.0,353,2002,May,Friday,Spring
354.0,124,2002,May,Saturday,Spring
567.0,137,2002,May,Sunday,Spring
295.0,223,2002,May,Monday,Spring
377.0,19,2002,May,Tuesday,Spring
501.0,119,2002,May,Wednesday,Spring
266.0,213,2002,May,Thursday,Spring
493.0,24,2002,May,Friday,Spring
557.0,-13,2002,May,Saturday,Spring
330.0,134,2002,May,Sunday,Spring
269.0,93,2002,May,Monday,Spring
406.0,12,2002,May,Tuesday,Spring
315.0,9,2002,May,Wednesday,Spring
479.0,17,2002,May,Thursday,Spring
495.0,59,2002,May,Friday,Spring
414.0,70,2002,Jun,Saturday,Summer
428.0,25,2002,Jun,Sunday,Summer
298.0,154,2002,Jun,Monday,Summer
362.0,89,2002,Jun,Tuesday,Summer
428.0,-13,2002,Jun,Wednesday,Summer
551.0,71,2002,Jun,Thursday,Summer
445.0,43,2002,Jun,Friday,Summer
458.0,50,2002,Jun,Saturday,Summer
479.0,76,2002,Jun,Sunday,Summer
401.0,177,2002,Jun,Monday,Summer
305.0,-69,2002,Jun,Tuesday,Summer
411.0,74,2002,Jun,Wednesday,Summer
415.0,172,2002,Jun,Thursday,Summer
397.0,182,2002,Jun,Friday,Summer
365.0,123,2002,Jun,Saturday,Summer
406.0,44,2002,Jun,Sunday,Summer
329.0,20,2002,Jun,Monday,Summer
408.0,75,2002,Jun,Tuesday,Summer
399.0,67,2002,Jun,Wednesday,Summer
495.0,62,2002,Jun,Thursday,Summer
420.0,70,2002,Jun,Friday,Summer
395.0,56,2002,Jun,Saturday,Summer
326.0,45,2002,Jun,Sunday,Summer
431.0,50,2002,Jun,Monday,Summer
394.0,117,2002,Jun,Tuesday,Summer
394.0,75,2002,Jun,Wednesday,Summer
464.0,71,2002,Jun,Thursday,Summer
455.0,46,2002,Jun,Friday,Summer
391.0,83,2002,Jun,Saturday,Summer
426.0,60,2002,Jun,Sunday,Summer
380.0,102,2002,Jul,Monday,Summer
401.0,88,2002,Jul,Tuesday,Summer
425.0,69,2002,Jul,Wednesday,Summer
521.0,24,2002,Jul,Thursday,Summer
524.0,17,2002,Jul,Friday,Summer
369.0,26,2002,Jul,Saturday,Summer
363.0,67,2002,Jul,Sunday,Summer
431.0,5,2002,Jul,Monday,Summer
375.0,44,2002,Jul,Tuesday,Summer
415.0,65,2002,Jul,Wednesday,Summer
456.0,20,2002,Jul,Thursday,Summer
494.0,4,2002,Jul,Friday,Summer
506.0,-8,2002,Jul,Saturday,Summer
415.0,-38,2002,Jul,Sunday,Summer
393.0,55,2002,Jul,Monday,Summer
365.0,71,2002,Jul,Tuesday,Summer
423.0,24,2002,Jul,Wednesday,Summer
383.0,15,2002,Jul,Thursday,Summer
351.0,140,2002,Jul,Friday,Summer
472.0,-60,2002,Jul,Saturday,Summer
427.0,25,2002,Jul,Sunday,Summer
423.0,55,2002,Jul,Monday,Summer
331.0,75,2002,Jul,Tuesday,Summer
377.0,1,2002,Jul,Wednesday,Summer
412.0,70,2002,Jul,Thursday,Summer
410.0,96,2002,Jul,Friday,Summer
390.0,-44,2002,Jul,Saturday,Summer
230.0,104,2002,Jul,Sunday,Summer
366.0,59,2002,Jul,Monday,Summer
404.0,12,2002,Jul,Tuesday,Summer
341.0,92,2002,Jul,Wednesday,Summer
555.0,-59,2002,Aug,Thursday,Summer
343.0,149,2002,Aug,Friday,Summer
384.0,-43,2002,Aug,Saturday,Summer
422.0,23,2002,Aug,Sunday,Summer
397.0,39,2002,Aug,Monday,Summer
352.0,94,2002,Aug,Tuesday,Summer
421.0,-17,2002,Aug,Wednesday,Summer
369.0,43,2002,Aug,Thursday,Summer
360.0,27,2002,Aug,Friday,Summer
484.0,-8,2002,Aug,Saturday,Summer
414.0,-27,2002,Aug,Sunday,Summer
337.0,-2,2002,Aug,Monday,Summer
394.0,27,2002,Aug,Tuesday,Summer
437.0,-11,2002,Aug,Wednesday,Summer
572.0,-26,2002,Aug,Thursday,Summer
411.0,22,2002,Aug,Friday,Summer
444.0,-22,2002,Aug,Saturday,Summer
344.0,-19,2002,Aug,Sunday,Summer
348.0,132,2002,Aug,Monday,Summer
566.0,-36,2002,Aug,Tuesday,Summer
378.0,-50,2002,Aug,Wednesday,Summer
280.0,150,2002,Aug,Thursday,Summer
501.0,112,2002,Aug,Friday,Summer
338.0,88,2002,Aug,Saturday,Summer
611.0,-46,2002,Aug,Sunday,Summer
319.0,108,2002,Aug,Monday,Summer
439.0,25,2002,Aug,Tuesday,Summer
349.0,70,2002,Aug,Wednesday,Summer
535.0,31,2002,Aug,Thursday,Summer
497.0,65,2002,Aug,Friday,Summer
441.0,88,2002,Aug,Saturday,Summer
471.0,118,2002,Sep,Sunday,Fall
583.0,22,2002,Sep,Monday,Fall
519.0,-38,2002,Sep,Tuesday,Fall
400.0,73,2002,Sep,Wednesday,Fall
431.0,36,2002,Sep,Thursday,Fall
354.0,130,2002,Sep,Friday,Fall
302.0,310,2002,Sep,Saturday,Fall
563.0,109,2002,Sep,Sunday,Fall
310.0,269,2002,Sep,Monday,Fall
557.0,95,2002,Sep,Tuesday,Fall
434.0,54,2002,Sep,Wednesday,Fall
463.0,93,2002,Sep,Thursday,Fall
617.0,88,2002,Sep,Friday,Fall
292.0,186,2002,Sep,Saturday,Fall
425.0,65,2002,Sep,Sunday,Fall
536.0,83,2002,Sep,Monday,Fall
384.0,155,2002,Sep,Tuesday,Fall
593.0,69,2002,Sep,Wednesday,Fall
184.0,89,2002,Sep,Thursday,Fall
376.0,106,2002,Sep,Friday,Fall
514.0,57,2002,Sep,Saturday,Fall
515.0,56,2002,Sep,Sunday,Fall
662.0,108,2002,Sep,Monday,Fall
250.0,268,2002,Sep,Tuesday,Fall
421.0,49,2002,Sep,Wednesday,Fall
584.0,96,2002,Sep,Thursday,Fall
528.0,173,2002,Sep,Friday,Fall
348.0,89,2002,Sep,Saturday,Fall
415.0,92,2002,Sep,Sunday,Fall
396.0,74,2002,Sep,Monday,Fall
322.0,158,2002,Oct,Tuesday,Fall
406.0,98,2002,Oct,Wednesday,Fall
366.0,248,2002,Oct,Thursday,Fall
462.0,95,2002,Oct,Friday,Fall
435.0,77,2002,Oct,Saturday,Fall
562.0,48,2002,Oct,Sunday,Fall
418.0,152,2002,Oct,Monday,Fall
341.0,157,2002,Oct,Tuesday,Fall
422.0,71,2002,Oct,Wednesday,Fall
324.0,200,2002,Oct,Thursday,Fall
494.0,-24,2002,Oct,Friday,Fall
394.0,16,2002,Oct,Saturday,Fall
296.0,123,2002,Oct,Sunday,Fall
279.0,64,2002,Oct,Monday,Fall
289.0,137,2002,Oct,Tuesday,Fall
345.0,108,2002,Oct,Wednesday,Fall
348.0,-37,2002,Oct,Thursday,Fall
339.0,80,2002,Oct,Friday,Fall
443.0,-66,2002,Oct,Saturday,Fall
478.0,71,2002,Oct,Sunday,Fall
433.0,-172,2002,Oct,Monday,Fall
450.0,-21,2002,Oct,Tuesday,Fall
422.0,-7,2002,Oct,Wednesday,Fall
483.0,-3,2002,Oct,Thursday,Fall
593.0,-9,2002,Oct,Friday,Fall
345.0,1,2002,Oct,Saturday,Fall
393.0,90,2002,Oct,Sunday,Fall
412.0,5,2002,Oct,Monday,Fall
365.0,35,2002,Oct,Tuesday,Fall
358.0,6,2002,Oct,Wednesday,Fall
528.0,47,2002,Oct,Thursday,Fall
468.0,-12,2002,Nov,Friday,Fall
497.0,-48,2002,Nov,Saturday,Fall
525.0,-67,2002,Nov,Sunday,Fall
399.0,3,2002,Nov,Monday,Fall
464.0,-3,2002,Nov,Tuesday,Fall
331.0,51,2002,Nov,Wednesday,Fall
430.0,-23,2002,Nov,Thursday,Fall
360.0,21,2002,Nov,Friday,Fall
326.0,66,2002,Nov,Saturday,Fall
467.0,87,2002,Nov,Sunday,Fall
374.0,45,2002,Nov,Monday,Fall
464.0,-59,2002,Nov,Tuesday,Fall
411.0,52,2002,Nov,Wednesday,Fall
541.0,-102,2002,Nov,Thursday,Fall
654.0,-27,2002,Nov,Friday,Fall
347.0,21,2002,Nov,Saturday,Fall
397.0,-40,2002,Nov,Sunday,Fall
306.0,123,2002,Nov,Monday,Fall
340.0,0,2002,Nov,Tuesday,Fall
461.0,-71,2002,Nov,Wednesday,Fall
683.0,-166,2002,Nov,Thursday,Fall
518.0,37,2002,Nov,Friday,Fall
327.0,68,2002,Nov,Saturday,Fall
383.0,6,2002,Nov,Sunday,Fall
321.0,103,2002,Nov,Monday,Fall
302.0,63,2002,Nov,Tuesday,Fall
260.0,210,2002,Nov,Wednesday,Fall
432.0,7,2002,Nov,Thursday,Fall
248.0,317,2002,Nov,Friday,Fall
446.0,83,2002,Nov,Saturday,Fall
461.0,21,2002,Dec,Sunday,Winter
377.0,-7,2002,Dec,Monday,Winter
473.0,39,2002,Dec,Tuesday,Winter
534.0,-30,2002,Dec,Wednesday,Winter
385.0,53,2002,Dec,Thursday,Winter
398.0,150,2002,Dec,Friday,Winter
480.0,-2,2002,Dec,Saturday,Winter
380.0,103,2002,Dec,Sunday,Winter
429.0,53,2002,Dec,Monday,Winter
416.0,70,2002,Dec,Tuesday,Winter
428.0,52,2002,Dec,Wednesday,Winter
372.0,84,2002,Dec,Thursday,Winter
625.0,-70,2002,Dec,Friday,Winter
352.0,48,2002,Dec,Saturday,Winter
409.0,-32,2002,Dec,Sunday,Winter
397.0,57,2002,Dec,Monday,Winter
331.0,36,2002,Dec,Tuesday,Winter
433.0,15,2002,Dec,Wednesday,Winter
350.0,133,2002,Dec,Thursday,Winter
607.0,64,2002,Dec,Friday,Winter
623.0,-58,2002,Dec,Saturday,Winter
420.0,-36,2002,Dec,Sunday,Winter
443.0,4,2002,Dec,Monday,Winter
396.0,75,2002,Dec,Tuesday,Winter
447.0,32,2002,Dec,Wednesday,Winter
363.0,115,2002,Dec,Thursday,Winter
314.0,133,2002,Dec,Friday,Winter
284.0,195,2002,Dec,Saturday,Winter
415.0,8,2002,Dec,Sunday,Winter
478.0,26,2002,Dec,Monday,Winter
432.0,30,2002,Dec,Tuesday,Winter
518.0,15,2003,Jan,Wednesday,Winter
631.0,-39,2003,Jan,Thursday,Winter
452.0,67,2003,Jan,Friday,Winter
481.0,25,2003,Jan,Saturday,Winter
321.0,157,2003,Jan,Sunday,Winter
383.0,66,2003,Jan,Monday,Winter
438.0,61,2003,Jan,Tuesday,Winter
380.0,108,2003,Jan,Wednesday,Winter
430.0,185,2003,Jan,Thursday,Winter
349.0,257,2003,Jan,Friday,Winter
511.0,95,2003,Jan,Saturday,Winter
392.0,218,2003,Jan,Sunday,Winter
414.0,86,2003,Jan,Monday,Winter
423.0,175,2003,Jan,Tuesday,Winter
427.0,287,2003,Jan,Wednesday,Winter
309.0,298,2003,Jan,Thursday,Winter
563.0,111,2003,Jan,Friday,Winter
367.0,153,2003,Jan,Saturday,Winter
365.0,77,2003,Jan,Sunday,Winter
402.0,97,2003,Jan,Monday,Winter
403.0,120,2003,Jan,Tuesday,Winter
678.0,-104,2003,Jan,Wednesday,Winter
396.0,134,2003,Jan,Thursday,Winter
469.0,195,2003,Jan,Friday,Winter
351.0,196,2003,Jan,Saturday,Winter
463.0,122,2003,Jan,Sunday,Winter
387.0,234,2003,Jan,Monday,Winter
499.0,149,2003,Jan,Tuesday,Winter
376.0,197,2003,Jan,Wednesday,Winter
417.0,194,2003,Jan,Thursday,Winter
456.0,85,2003,Jan,Friday,Winter
329.0,150,2003,Feb,Saturday,Winter
365.0,155,2003,Feb,Sunday,Winter
336.0,145,2003,Feb,Monday,Winter
418.0,164,2003,Feb,Tuesday,Winter
346.0,150,2003,Feb,Wednesday,Winter
466.0,129,2003,Feb,Thursday,Winter
435.0,99,2003,Feb,Friday,Winter
390.0,60,2003,Feb,Saturday,Winter
523.0,0,2003,Feb,Sunday,Winter
390.0,138,2003,Feb,Monday,Winter
393.0,88,2003,Feb,Tuesday,Winter
394.0,101,2003,Feb,Wednesday,Winter
495.0,110,2003,Feb,Thursday,Winter
463.0,82,2003,Feb,Friday,Winter
288.0,279,2003,Feb,Saturday,Winter
474.0,122,2003,Feb,Sunday,Winter
302.0,158,2003,Feb,Monday,Winter
460.0,142,2003,Feb,Tuesday,Winter
476.0,84,2003,Feb,Wednesday,Winter
467.0,128,2003,Feb,Thursday,Winter
484.0,137,2003,Feb,Friday,Winter
390.0,269,2003,Feb,Saturday,Winter
545.0,89,2003,Feb,Sunday,Winter
386.0,76,2003,Feb,Monday,Winter
500.0,101,2003,Feb,Tuesday,Winter
482.0,51,2003,Feb,Wednesday,Winter
625.0,116,2003,Feb,Thursday,Winter
363.0,252,2003,Feb,Friday,Winter
207.0,367,2003,Mar,Saturday,Spring
523.0,97,2003,Mar,Sunday,Spring
330.0,298,2003,Mar,Monday,Spring
542.0,66,2003,Mar,Tuesday,Spring
484.0,185,2003,Mar,Wednesday,Spring
347.0,250,2003,Mar,Thursday,Spring
471.0,231,2003,Mar,Friday,Spring
249.0,308,2003,Mar,Saturday,Spring
291.0,216,2003,Mar,Sunday,Spring
508.0,132,2003,Mar,Monday,Spring
88.0,52,2003,Mar,Tuesday,Spring
455.0,42,2003,Mar,Wednesday,Spring
456.0,122,2003,Mar,Thursday,Spring
365.0,257,2003,Mar,Friday,Spring
414.0,118,2003,Mar,Saturday,Spring
316.0,180,2003,Mar,Sunday,Spring
352.0,67,2003,Mar,Monday,Spring
405.0,245,2003,Mar,Tuesday,Spring
359.0,166,2003,Mar,Wednesday,Spring
468.0,192,2003,Mar,Thursday,Spring
488.0,203,2003,Mar,Friday,Spring
430.0,130,2003,Mar,Saturday,Spring
316.0,192,2003,Mar,Sunday,Spring
413.0,151,2003,Mar,Monday,Spring
306.0,205,2003,Mar,Tuesday,Spring
489.0,92,2003,Mar,Wednesday,Spring
217.0,325,2003,Mar,Thursday,Spring
530.0,135,2003,Mar,Friday,Spring
412.0,218,2003,Mar,Saturday,Spring
477.0,-57,2003,Mar,Sunday,Spring
672.0,129,2003,Mar,Monday,Spring
389.0,195,2003,Apr,Tuesday,Spring
228.0,115,2003,Apr,Wednesday,Spring
415.0,42,2003,Apr,Thursday,Spring
464.0,101,2003,Apr,Friday,Spring
411.0,113,2003,Apr,Saturday,Spring
324.0,214,2003,Apr,Sunday,Spring
360.0,200,2003,Apr,Monday,Spring
357.0,144,2003,Apr,Tuesday,Spring
374.0,167,2003,Apr,Wednesday,Spring
379.0,174,2003,Apr,Thursday,Spring
467.0,130,2003,Apr,Friday,Spring
447.0,223,2003,Apr,Saturday,Spring
655.0,232,2003,Apr,Sunday,Spring
419.0,224,2003,Apr,Monday,Spring
0.0,0,2003,Apr,Tuesday,Spring
210.0,240,2003,Apr,Wednesday,Spring
208.0,256,2003,Apr,Thursday,Spring
265.0,319,2003,Apr,Friday,Spring
224.0,252,2003,Apr,Saturday,Spring
463.0,242,2003,Apr,Sunday,Spring
282.0,303,2003,Apr,Monday,Spring
374.0,268,2003,Apr,Tuesday,Spring
549.0,152,2003,Apr,Wednesday,Spring
367.0,155,2003,Apr,Thursday,Spring
388.0,151,2003,Apr,Friday,Spring
329.0,195,2003,Apr,Saturday,Spring
563.0,229,2003,Apr,Sunday,Spring
410.0,283,2003,Apr,Monday,Spring
580.0,243,2003,Apr,Tuesday,Spring
325.0,265,2003,Apr,Wednesday,Spring
622.0,194,2003,May,Thursday,Spring
338.0,293,2003,May,Friday,Spring
476.0,220,2003,May,Saturday,Spring
307.0,257,2003,May,Sunday,Spring
404.0,233,2003,May,Monday,Spring
624.0,186,2003,May,Tuesday,Spring
485.0,279,2003,May,Wednesday,Spring
466.0,274,2003,May,Thursday,Spring
369.0,264,2003,May,Friday,Spring
403.0,229,2003,May,Saturday,Spring
497.0,277,2003,May,Sunday,Spring
470.0,229,2003,May,Monday,Spring
284.0,320,2003,May,Tuesday,Spring
524.0,77,2003,May,Wednesday,Spring
244.0,263,2003,May,Thursday,Spring
341.0,263,2003,May,Friday,Spring
173.0,261,2003,May,Saturday,Spring
634.0,179,2003,May,Sunday,Spring
446.0,200,2003,May,Monday,Spring
322.0,302,2003,May,Tuesday,Spring
345.0,188,2003,May,Wednesday,Spring
306.0,179,2003,May,Thursday,Spring
619.0,36,2003,May,Friday,Spring
359.0,226,2003,May,Saturday,Spring
324.0,154,2003,May,Sunday,Spring
453.0,177,2003,May,Monday,Spring
509.0,52,2003,May,Tuesday,Spring
295.0,238,2003,May,Wednesday,Spring
257.0,192,2003,May,Thursday,Spring
457.0,265,2003,May,Friday,Spring
420.0,170,2003,May,Saturday,Spring
597.0,49,2003,Jun,Sunday,Summer
375.0,250,2003,Jun,Monday,Summer
397.0,152,2003,Jun,Tuesday,Summer
395.0,78,2003,Jun,Wednesday,Summer
499.0,92,2003,Jun,Thursday,Summer
322.0,250,2003,Jun,Friday,Summer
272.0,277,2003,Jun,Saturday,Summer
310.0,280,2003,Jun,Sunday,Summer
472.0,257,2003,Jun,Monday,Summer
432.0,136,2003,Jun,Tuesday,Summer
274.0,143,2003,Jun,Wednesday,Summer
239.0,239,2003,Jun,Thursday,Summer
459.0,229,2003,Jun,Friday,Summer
110.0,534,2003,Jun,Saturday,Summer
495.0,95,2003,Jun,Sunday,Summer
340.0,292,2003,Jun,Monday,Summer
414.0,236,2003,Jun,Tuesday,Summer
440.0,163,2003,Jun,Wednesday,Summer
383.0,293,2003,Jun,Thursday,Summer
479.0,253,2003,Jun,Friday,Summer
370.0,257,2003,Jun,Saturday,Summer
395.0,147,2003,Jun,Sunday,Summer
518.0,115,2003,Jun,Monday,Summer
348.0,204,2003,Jun,Tuesday,Summer
550.0,49,2003,Jun,Wednesday,Summer
355.0,216,2003,Jun,Thursday,Summer
276.0,248,2003,Jun,Friday,Summer
303.0,221,2003,Jun,Saturday,Summer
349.0,222,2003,Jun,Sunday,Summer
337.0,196,2003,Jun,Monday,Summer
442.0,180,2003,Jul,Tuesday,Summer
450.0,185,2003,Jul,Wednesday,Summer
461.0,-81,2003,Jul,Thursday,Summer
548.0,225,2003,Jul,Friday,Summer
367.0,226,2003,Jul,Saturday,Summer
204.0,335,2003,Jul,Sunday,Summer
247.0,324,2003,Jul,Monday,Summer
411.0,107,2003,Jul,Tuesday,Summer
119.0,340,2003,Jul,Wednesday,Summer
676.0,91,2003,Jul,Thursday,Summer
295.0,261,2003,Jul,Friday,Summer
314.0,164,2003,Jul,Saturday,Summer
472.0,81,2003,Jul,Sunday,Summer
385.0,107,2003,Jul,Monday,Summer
357.0,169,2003,Jul,Tuesday,Summer
328.0,211,2003,Jul,Wednesday,Summer
668.0,43,2003,Jul,Thursday,Summer
438.0,150,2003,Jul,Friday,Summer
340.0,311,2003,Jul,Saturday,Summer
487.0,218,2003,Jul,Sunday,Summer
318.0,287,2003,Jul,Monday,Summer
511.0,239,2003,Jul,Tuesday,Summer
300.0,170,2003,Jul,Wednesday,Summer
496.0,136,2003,Jul,Thursday,Summer
338.0,257,2003,Jul,Friday,Summer
258.0,73,2003,Jul,Saturday,Summer
379.0,62,2003,Jul,Sunday,Summer
229.0,165,2003,Jul,Monday,Summer
543.0,62,2003,Jul,Tuesday,Summer
377.0,205,2003,Jul,Wednesday,Summer
373.0,169,2003,Jul,Thursday,Summer
418.0,111,2003,Aug,Friday,Summer
438.0,99,2003,Aug,Saturday,Summer
563.0,18,2003,Aug,Sunday,Summer
548.0,-43,2003,Aug,Monday,Summer
363.0,104,2003,Aug,Tuesday,Summer
293.0,164,2003,Aug,Wednesday,Summer
671.0,26,2003,Aug,Thursday,Summer
520.0,106,2003,Aug,Friday,Summer
303.0,146,2003,Aug,Saturday,Summer
528.0,16,2003,Aug,Sunday,Summer
498.0,58,2003,Aug,Monday,Summer
286.0,300,2003,Aug,Tuesday,Summer
382.0,119,2003,Aug,Wednesday,Summer
387.0,93,2003,Aug,Thursday,Summer
337.0,186,2003,Aug,Friday,Summer
444.0,151,2003,Aug,Saturday,Summer
412.0,39,2003,Aug,Sunday,Summer
350.0,204,2003,Aug,Monday,Summer
539.0,134,2003,Aug,Tuesday,Summer
518.0,11,2003,Aug,Wednesday,Summer
445.0,108,2003,Aug,Thursday,Summer
766.0,-56,2003,Aug,Friday,Summer
503.0,40,2003,Aug,Saturday,Summer
401.0,153,2003,Aug,Sunday,Summer
432.0,59,2003,Aug,Monday,Summer
503.0,49,2003,Aug,Tuesday,Summer
0.0,0,2003,Aug,Wednesday,Summer
331.0,126,2003,Aug,Thursday,Summer
570.0,124,2003,Aug,Friday,Summer
511.0,120,2003,Aug,Saturday,Summer
609.0,199,2003,Aug,Sunday,Summer
341.0,254,2003,Sep,Monday,Fall
281.0,190,2003,Sep,Tuesday,Fall
272.0,209,2003,Sep,Wednesday,Fall
711.0,161,2003,Sep,Thursday,Fall
547.0,162,2003,Sep,Friday,Fall
324.0,247,2003,Sep,Saturday,Fall
259.0,199,2003,Sep,Sunday,Fall
184.0,111,2003,Sep,Monday,Fall
491.0,148,2003,Sep,Tuesday,Fall
401.0,233,2003,Sep,Wednesday,Fall
553.0,142,2003,Sep,Thursday,Fall
607.0,-95,2003,Sep,Friday,Fall
408.0,253,2003,Sep,Saturday,Fall
648.0,82,2003,Sep,Sunday,Fall
413.0,239,2003,Sep,Monday,Fall
374.0,240,2003,Sep,Tuesday,Fall
336.0,209,2003,Sep,Wednesday,Fall
585.0,152,2003,Sep,Thursday,Fall
291.0,171,2003,Sep,Friday,Fall
433.0,153,2003,Sep,Saturday,Fall
537.0,-63,2003,Sep,Sunday,Fall
403.0,124,2003,Sep,Monday,Fall
560.0,64,2003,Sep,Tuesday,Fall
432.0,113,2003,Sep,Wednesday,Fall
394.0,245,2003,Sep,Thursday,Fall
392.0,404,2003,Sep,Friday,Fall
451.0,169,2003,Sep,Saturday,Fall
410.0,253,2003,Sep,Sunday,Fall
482.0,65,2003,Sep,Monday,Fall
368.0,184,2003,Sep,Tuesday,Fall
420.0,240,2003,Oct,Wednesday,Fall
361.0,104,2003,Oct,Thursday,Fall
418.0,92,2003,Oct,Friday,Fall
316.0,255,2003,Oct,Saturday,Fall
287.0,107,2003,Oct,Sunday,Fall
291.0,198,2003,Oct,Monday,Fall
346.0,100,2003,Oct,Tuesday,Fall
380.0,122,2003,Oct,Wednesday,Fall
454.0,125,2003,Oct,Thursday,Fall
384.0,112,2003,Oct,Friday,Fall
348.0,169,2003,Oct,Saturday,Fall
591.0,54,2003,Oct,Sunday,Fall
458.0,102,2003,Oct,Monday,Fall
377.0,167,2003,Oct,Tuesday,Fall
469.0,154,2003,Oct,Wednesday,Fall
696.0,163,2003,Oct,Thursday,Fall
758.0,102,2003,Oct,Friday,Fall
353.0,206,2003,Oct,Saturday,Fall
448.0,137,2003,Oct,Sunday,Fall
442.0,96,2003,Oct,Monday,Fall
579.0,177,2003,Oct,Tuesday,Fall
301.0,200,2003,Oct,Wednesday,Fall
455.0,131,2003,Oct,Thursday,Fall
432.0,132,2003,Oct,Friday,Fall
342.0,226,2003,Oct,Saturday,Fall
785.0,43,2003,Oct,Sunday,Fall
399.0,340,2003,Oct,Monday,Fall
420.0,270,2003,Oct,Tuesday,Fall
448.0,197,2003,Oct,Wednesday,Fall
382.0,296,2003,Oct,Thursday,Fall
350.0,269,2003,Oct,Friday,Fall
0.0,0,2003,Nov,Saturday,Fall
425.0,92,2003,Nov,Sunday,Fall
304.0,232,2003,Nov,Monday,Fall
374.0,154,2003,Nov,Tuesday,Fall
390.0,142,2003,Nov,Wednesday,Fall
530.0,165,2003,Nov,Thursday,Fall
543.0,254,2003,Nov,Friday,Fall
247.0,320,2003,Nov,Saturday,Fall
434.0,109,2003,Nov,Sunday,Fall
497.0,139,2003,Nov,Monday,Fall
344.0,261,2003,Nov,Tuesday,Fall
357.0,226,2003,Nov,Wednesday,Fall
289.0,300,2003,Nov,Thursday,Fall
568.0,87,2003,Nov,Friday,Fall
391.0,182,2003,Nov,Saturday,Fall
464.0,133,2003,Nov,Sunday,Fall
537.0,96,2003,Nov,Monday,Fall
378.0,224,2003,Nov,Tuesday,Fall
479.0,117,2003,Nov,Wednesday,Fall
649.0,32,2003,Nov,Thursday,Fall
304.0,276,2003,Nov,Friday,Fall
316.0,255,2003,Nov,Saturday,Fall
378.0,122,2003,Nov,Sunday,Fall
385.0,110,2003,Nov,Monday,Fall
450.0,85,2003,Nov,Tuesday,Fall
340.0,166,2003,Nov,Wednesday,Fall
492.0,132,2003,Nov,Thursday,Fall
367.0,200,2003,Nov,Friday,Fall
383.0,156,2003,Nov,Saturday,Fall
0.0,0,2003,Nov,Sunday,Fall
0.0,0,2003,Dec,Monday,Winter
408.0,134,2003,Dec,Tuesday,Winter
265.0,184,2003,Dec,Wednesday,Winter
399.0,91,2003,Dec,Thursday,Winter
298.0,84,2003,Dec,Friday,Winter
498.0,60,2003,Dec,Saturday,Winter
318.0,182,2003,Dec,Sunday,Winter
530.0,56,2003,Dec,Monday,Winter
390.0,158,2003,Dec,Tuesday,Winter
560.0,107,2003,Dec,Wednesday,Winter
408.0,102,2003,Dec,Thursday,Winter
832.0,143,2003,Dec,Friday,Winter
488.0,75,2003,Dec,Saturday,Winter
513.0,155,2003,Dec,Sunday,Winter
494.0,135,2003,Dec,Monday,Winter
469.0,124,2003,Dec,Tuesday,Winter
520.0,100,2003,Dec,Wednesday,Winter
541.0,113,2003,Dec,Thursday,Winter
578.0,80,2003,Dec,Friday,Winter
430.0,152,2003,Dec,Saturday,Winter
372.0,233,2003,Dec,Sunday,Winter
417.0,147,2003,Dec,Monday,Winter
446.0,177,2003,Dec,Tuesday,Winter
367.0,245,2003,Dec,Wednesday,Winter
322.0,127,2003,Dec,Thursday,Winter
563.0,8,2003,Dec,Friday,Winter
391.0,202,2003,Dec,Saturday,Winter
409.0,72,2003,Dec,Sunday,Winter
483.0,132,2003,Dec,Monday,Winter
493.0,108,2003,Dec,Tuesday,Winter
418.0,142,2003,Dec,Wednesday,Winter
596.0,87,2004,Jan,Thursday,Winter
516.0,161,2004,Jan,Friday,Winter
427.0,122,2004,Jan,Saturday,Winter
366.0,201,2004,Jan,Sunday,Winter
515.0,155,2004,Jan,Monday,Winter
606.0,-28,2004,Jan,Tuesday,Winter
441.0,161,2004,Jan,Wednesday,Winter
407.0,118,2004,Jan,Thursday,Winter
614.0,135,2004,Jan,Friday,Winter
292.0,203,2004,Jan,Saturday,Winter
468.0,159,2004,Jan,Sunday,Winter
269.0,121,2004,Jan,Monday,Winter
306.0,137,2004,Jan,Tuesday,Winter
421.0,134,2004,Jan,Wednesday,Winter
306.0,141,2004,Jan,Thursday,Winter
413.0,108,2004,Jan,Friday,Winter
340.0,199,2004,Jan,Saturday,Winter
330.0,148,2004,Jan,Sunday,Winter
277.0,232,2004,Jan,Monday,Winter
334.0,199,2004,Jan,Tuesday,Winter
386.0,230,2004,Jan,Wednesday,Winter
592.0,288,2004,Jan,Thursday,Winter
397.0,198,2004,Jan,Friday,Winter
268.0,197,2004,Jan,Saturday,Winter
451.0,109,2004,Jan,Sunday,Winter
497.0,162,2004,Jan,Monday,Winter
366.0,150,2004,Jan,Tuesday,Winter
338.0,215,2004,Jan,Wednesday,Winter
506.0,272,2004,Jan,Thursday,Winter
506.0,-95,2004,Jan,Friday,Winter
338.0,226,2004,Jan,Saturday,Winter
281.0,279,2004,Feb,Sunday,Winter
507.0,116,2004,Feb,Monday,Winter
331.0,152,2004,Feb,Tuesday,Winter
447.0,132,2004,Feb,Wednesday,Winter
330.0,321,2004,Feb,Thursday,Winter
352.0,173,2004,Feb,Friday,Winter
249.0,291,2004,Feb,Saturday,Winter
448.0,151,2004,Feb,Sunday,Winter
575.0,158,2004,Feb,Monday,Winter
207.0,274,2004,Feb,Tuesday,Winter
487.0,112,2004,Feb,Wednesday,Winter
667.0,3,2004,Feb,Thursday,Winter
266.0,321,2004,Feb,Friday,Winter
418.0,182,2004,Feb,Saturday,Winter
348.0,250,2004,Feb,Sunday,Winter
379.0,246,2004,Feb,Monday,Winter
274.0,287,2004,Feb,Tuesday,Winter
325.0,169,2004,Feb,Wednesday,Winter
662.0,99,2004,Feb,Thursday,Winter
0.0,0,2004,Feb,Friday,Winter
78.0,453,2004,Feb,Saturday,Winter
382.0,222,2004,Feb,Sunday,Winter
573.0,-39,2004,Feb,Monday,Winter
391.0,212,2004,Feb,Tuesday,Winter
460.0,128,2004,Feb,Wednesday,Winter
558.0,41,2004,Feb,Thursday,Winter
382.0,216,2004,Feb,Friday,Winter
418.0,176,2004,Feb,Saturday,Winter
490.0,169,2004,Feb,Sunday,Winter
404.0,214,2004,Mar,Monday,Spring
469.0,132,2004,Mar,Tuesday,Spring
330.0,179,2004,Mar,Wednesday,Spring
146.0,1253,2004,Mar,Thursday,Spring
303.0,345,2004,Mar,Friday,Spring
502.0,96,2004,Mar,Saturday,Spring
328.0,241,2004,Mar,Sunday,Spring
416.0,206,2004,Mar,Monday,Spring
302.0,292,2004,Mar,Tuesday,Spring
408.0,194,2004,Mar,Wednesday,Spring
417.0,318,2004,Mar,Thursday,Spring
617.0,-35,2004,Mar,Friday,Spring
357.0,387,2004,Mar,Saturday,Spring
410.0,231,2004,Mar,Sunday,Spring
361.0,239,2004,Mar,Monday,Spring
312.0,301,2004,Mar,Tuesday,Spring
324.0,130,2004,Mar,Wednesday,Spring
616.0,135,2004,Mar,Thursday,Spring
473.0,262,2004,Mar,Friday,Spring
345.0,253,2004,Mar,Saturday,Spring
171.0,274,2004,Mar,Sunday,Spring
438.0,228,2004,Mar,Monday,Spring
292.0,309,2004,Mar,Tuesday,Spring
301.0,295,2004,Mar,Wednesday,Spring
733.0,2,2004,Mar,Thursday,Spring
192.0,408,2004,Mar,Friday,Spring
266.0,278,2004,Mar,Saturday,Spring
348.0,246,2004,Mar,Sunday,Spring
406.0,191,2004,Mar,Monday,Spring
360.0,279,2004,Mar,Tuesday,Spring
602.0,-249,2004,Mar,Wednesday,Spring
624.0,137,2004,Apr,Thursday,Spring
288.0,218,2004,Apr,Friday,Spring
387.0,210,2004,Apr,Saturday,Spring
356.0,243,2004,Apr,Sunday,Spring
392.0,214,2004,Apr,Monday,Spring
336.0,170,2004,Apr,Tuesday,Spring
374.0,200,2004,Apr,Wednesday,Spring
581.0,152,2004,Apr,Thursday,Spring
267.0,264,2004,Apr,Friday,Spring
304.0,235,2004,Apr,Saturday,Spring
326.0,123,2004,Apr,Sunday,Spring
481.0,181,2004,Apr,Monday,Spring
448.0,289,2004,Apr,Tuesday,Spring
331.0,269,2004,Apr,Wednesday,Spring
363.0,212,2004,Apr,Thursday,Spring
307.0,418,2004,Apr,Friday,Spring
308.0,293,2004,Apr,Saturday,Spring
239.0,304,2004,Apr,Sunday,Spring
486.0,310,2004,Apr,Monday,Spring
519.0,-133,2004,Apr,Tuesday,Spring
436.0,222,2004,Apr,Wednesday,Spring
562.0,390,2004,Apr,Thursday,Spring
344.0,425,2004,Apr,Friday,Spring
315.0,345,2004,Apr,Saturday,Spring
353.0,245,2004,Apr,Sunday,Spring
374.0,268,2004,Apr,Monday,Spring
348.0,141,2004,Apr,Tuesday,Spring
463.0,180,2004,Apr,Wednesday,Spring
545.0,-39,2004,Apr,Thursday,Spring
341.0,258,2004,Apr,Friday,Spring
416.0,168,2004,May,Saturday,Spring
301.0,294,2004,May,Sunday,Spring
447.0,151,2004,May,Monday,Spring
396.0,263,2004,May,Tuesday,Spring
281.0,161,2004,May,Wednesday,Spring
397.0,175,2004,May,Thursday,Spring
382.0,217,2004,May,Friday,Spring
362.0,171,2004,May,Saturday,Spring
421.0,163,2004,May,Sunday,Spring
285.0,305,2004,May,Monday,Spring
178.0,312,2004,May,Tuesday,Spring
457.0,146,2004,May,Wednesday,Spring
480.0,200,2004,May,Thursday,Spring
592.0,101,2004,May,Friday,Spring
366.0,175,2004,May,Saturday,Spring
507.0,91,2004,May,Sunday,Spring
372.0,218,2004,May,Monday,Spring
392.0,120,2004,May,Tuesday,Spring
247.0,353,2004,May,Wednesday,Spring
636.0,175,2004,May,Thursday,Spring
458.0,150,2004,May,Friday,Spring
305.0,294,2004,May,Saturday,Spring
395.0,155,2004,May,Sunday,Spring
386.0,218,2004,May,Monday,Spring
463.0,196,2004,May,Tuesday,Spring
310.0,147,2004,May,Wednesday,Spring
534.0,232,2004,May,Thursday,Spring
291.0,318,2004,May,Friday,Spring
352.0,138,2004,May,Saturday,Spring
356.0,129,2004,May,Sunday,Spring
416.0,124,2004,May,Monday,Spring
352.0,147,2004,Jun,Tuesday,Summer
294.0,145,2004,Jun,Wednesday,Summer
557.0,18,2004,Jun,Thursday,Summer
511.0,90,2004,Jun,Friday,Summer
469.0,101,2004,Jun,Saturday,Summer
445.0,109,2004,Jun,Sunday,Summer
483.0,115,2004,Jun,Monday,Summer
413.0,161,2004,Jun,Tuesday,Summer
466.0,99,2004,Jun,Wednesday,Summer
560.0,116,2004,Jun,Thursday,Summer
438.0,165,2004,Jun,Friday,Summer
492.0,100,2004,Jun,Saturday,Summer
536.0,169,2004,Jun,Sunday,Summer
630.0,93,2004,Jun,Monday,Summer
376.0,198,2004,Jun,Tuesday,Summer
416.0,181,2004,Jun,Wednesday,Summer
718.0,140,2004,Jun,Thursday,Summer
656.0,-133,2004,Jun,Friday,Summer
405.0,277,2004,Jun,Saturday,Summer
430.0,173,2004,Jun,Sunday,Summer
295.0,249,2004,Jun,Monday,Summer
448.0,152,2004,Jun,Tuesday,Summer
432.0,172,2004,Jun,Wednesday,Summer
479.0,182,2004,Jun,Thursday,Summer
677.0,47,2004,Jun,Friday,Summer
483.0,113,2004,Jun,Saturday,Summer
420.0,115,2004,Jun,Sunday,Summer
418.0,199,2004,Jun,Monday,Summer
418.0,155,2004,Jun,Tuesday,Summer
335.0,231,2004,Jun,Wednesday,Summer
387.0,272,2004,Jul,Thursday,Summer
345.0,313,2004,Jul,Friday,Summer
244.0,341,2004,Jul,Saturday,Summer
556.0,134,2004,Jul,Sunday,Summer
350.0,249,2004,Jul,Monday,Summer
401.0,157,2004,Jul,Tuesday,Summer
457.0,123,2004,Jul,Wednesday,Summer
557.0,119,2004,Jul,Thursday,Summer
435.0,239,2004,Jul,Friday,Summer
539.0,138,2004,Jul,Saturday,Summer
403.0,256,2004,Jul,Sunday,Summer
362.0,244,2004,Jul,Monday,Summer
363.0,297,2004,Jul,Tuesday,Summer
402.0,214,2004,Jul,Wednesday,Summer
582.0,262,2004,Jul,Thursday,Summer
245.0,246,2004,Jul,Friday,Summer
447.0,211,2004,Jul,Saturday,Summer
464.0,154,2004,Jul,Sunday,Summer
432.0,-46,2004,Jul,Monday,Summer
263.0,245,2004,Jul,Tuesday,Summer
389.0,126,2004,Jul,Wednesday,Summer
310.0,150,2004,Jul,Thursday,Summer
386.0,187,2004,Jul,Friday,Summer
423.0,200,2004,Jul,Saturday,Summer
505.0,155,2004,Jul,Sunday,Summer
453.0,76,2004,Jul,Monday,Summer
277.0,364,2004,Jul,Tuesday,Summer
432.0,249,2004,Jul,Wednesday,Summer
705.0,-11,2004,Jul,Thursday,Summer
519.0,170,2004,Jul,Friday,Summer
515.0,174,2004,Jul,Saturday,Summer
444.0,205,2004,Aug,Sunday,Summer
406.0,218,2004,Aug,Monday,Summer
433.0,130,2004,Aug,Tuesday,Summer
407.0,157,2004,Aug,Wednesday,Summer
438.0,138,2004,Aug,Thursday,Summer
449.0,158,2004,Aug,Friday,Summer
285.0,244,2004,Aug,Saturday,Summer
486.0,97,2004,Aug,Sunday,Summer
438.0,161,2004,Aug,Monday,Summer
497.0,118,2004,Aug,Tuesday,Summer
281.0,156,2004,Aug,Wednesday,Summer
448.0,135,2004,Aug,Thursday,Summer
402.0,147,2004,Aug,Friday,Summer
360.0,85,2004,Aug,Saturday,Summer
387.0,97,2004,Aug,Sunday,Summer
368.0,221,2004,Aug,Monday,Summer
495.0,17,2004,Aug,Tuesday,Summer
476.0,153,2004,Aug,Wednesday,Summer
336.0,295,2004,Aug,Thursday,Summer
441.0,170,2004,Aug,Friday,Summer
518.0,130,2004,Aug,Saturday,Summer
287.0,276,2004,Aug,Sunday,Summer
436.0,295,2004,Aug,Monday,Summer
410.0,208,2004,Aug,Tuesday,Summer
514.0,172,2004,Aug,Wednesday,Summer
419.0,128,2004,Aug,Thursday,Summer
514.0,57,2004,Aug,Friday,Summer
459.0,125,2004,Aug,Saturday,Summer
382.0,218,2004,Aug,Sunday,Summer
428.0,87,2004,Aug,Monday,Summer
485.0,115,2004,Aug,Tuesday,Summer
411.0,152,2004,Sep,Wednesday,Fall
467.0,134,2004,Sep,Thursday,Fall
347.0,121,2004,Sep,Friday,Fall
582.0,40,2004,Sep,Saturday,Fall
324.0,230,2004,Sep,Sunday,Fall
451.0,141,2004,Sep,Monday,Fall
350.0,135,2004,Sep,Tuesday,Fall
401.0,200,2004,Sep,Wednesday,Fall
301.0,269,2004,Sep,Thursday,Fall
471.0,144,2004,Sep,Friday,Fall
410.0,168,2004,Sep,Saturday,Fall
482.0,86,2004,Sep,Sunday,Fall
405.0,112,2004,Sep,Monday,Fall
383.0,166,2004,Sep,Tuesday,Fall
423.0,107,2004,Sep,Wednesday,Fall
512.0,22,2004,Sep,Thursday,Fall
357.0,121,2004,Sep,Friday,Fall
531.0,11,2004,Sep,Saturday,Fall
413.0,81,2004,Sep,Sunday,Fall
584.0,98,2004,Sep,Monday,Fall
486.0,121,2004,Sep,Tuesday,Fall
435.0,86,2004,Sep,Wednesday,Fall
380.0,197,2004,Sep,Thursday,Fall
450.0,167,2004,Sep,Friday,Fall
413.0,143,2004,Sep,Saturday,Fall
505.0,71,2004,Sep,Sunday,Fall
515.0,194,2004,Sep,Monday,Fall
634.0,-93,2004,Sep,Tuesday,Fall
375.0,235,2004,Sep,Wednesday,Fall
384.0,57,2004,Sep,Thursday,Fall
630.0,6,2004,Oct,Friday,Fall
362.0,153,2004,Oct,Saturday,Fall
528.0,73,2004,Oct,Sunday,Fall
398.0,144,2004,Oct,Monday,Fall
317.0,130,2004,Oct,Tuesday,Fall
393.0,64,2004,Oct,Wednesday,Fall
367.0,108,2004,Oct,Thursday,Fall
328.0,90,2004,Oct,Friday,Fall
499.0,-32,2004,Oct,Saturday,Fall
356.0,32,2004,Oct,Sunday,Fall
389.0,46,2004,Oct,Monday,Fall
482.0,54,2004,Oct,Tuesday,Fall
433.0,46,2004,Oct,Wednesday,Fall
463.0,64,2004,Oct,Thursday,Fall
633.0,33,2004,Oct,Friday,Fall
438.0,63,2004,Oct,Saturday,Fall
423.0,113,2004,Oct,Sunday,Fall
477.0,16,2004,Oct,Monday,Fall
500.0,113,2004,Oct,Tuesday,Fall
390.0,91,2004,Oct,Wednesday,Fall
427.0,29,2004,Oct,Thursday,Fall
691.0,30,2004,Oct,Friday,Fall
451.0,68,2004,Oct,Saturday,Fall
352.0,178,2004,Oct,Sunday,Fall
592.0,74,2004,Oct,Monday,Fall
407.0,173,2004,Oct,Tuesday,Fall
351.0,181,2004,Oct,Wednesday,Fall
696.0,-17,2004,Oct,Thursday,Fall
641.0,-171,2004,Oct,Friday,Fall
375.0,164,2004,Oct,Saturday,Fall
402.0,122,2004,Oct,Sunday,Fall
373.0,74,2004,Nov,Monday,Fall
426.0,154,2004,Nov,Tuesday,Fall
325.0,180,2004,Nov,Wednesday,Fall
421.0,123,2004,Nov,Thursday,Fall
524.0,90,2004,Nov,Friday,Fall
358.0,102,2004,Nov,Saturday,Fall
425.0,70,2004,Nov,Sunday,Fall
343.0,62,2004,Nov,Monday,Fall
447.0,6,2004,Nov,Tuesday,Fall
395.0,81,2004,Nov,Wednesday,Fall
383.0,130,2004,Nov,Thursday,Fall
450.0,61,2004,Nov,Friday,Fall
406.0,111,2004,Nov,Saturday,Fall
327.0,113,2004,Nov,Sunday,Fall
281.0,202,2004,Nov,Monday,Fall
517.0,34,2004,Nov,Tuesday,Fall
457.0,68,2004,Nov,Wednesday,Fall
452.0,-52,2004,Nov,Thursday,Fall
554.0,12,2004,Nov,Friday,Fall
369.0,60,2004,Nov,Saturday,Fall
476.0,25,2004,Nov,Sunday,Fall
518.0,30,2004,Nov,Monday,Fall
423.0,53,2004,Nov,Tuesday,Fall
510.0,19,2004,Nov,Wednesday,Fall
551.0,1,2004,Nov,Thursday,Fall
537.0,133,2004,Nov,Friday,Fall
442.0,194,2004,Nov,Saturday,Fall
0.0,0,2004,Nov,Sunday,Fall
502.0,55,2004,Nov,Monday,Fall
411.0,56,2004,Nov,Tuesday,Fall
535.0,12,2004,Dec,Wednesday,Winter
374.0,52,2004,Dec,Thursday,Winter
551.0,85,2004,Dec,Friday,Winter
566.0,-127,2004,Dec,Saturday,Winter
343.0,90,2004,Dec,Sunday,Winter
402.0,96,2004,Dec,Monday,Winter
512.0,14,2004,Dec,Tuesday,Winter
498.0,18,2004,Dec,Wednesday,Winter
355.0,108,2004,Dec,Thursday,Winter
430.0,39,2004,Dec,Friday,Winter
534.0,1,2004,Dec,Saturday,Winter
280.0,237,2004,Dec,Sunday,Winter
465.0,79,2004,Dec,Monday,Winter
399.0,86,2004,Dec,Tuesday,Winter
488.0,57,2004,Dec,Wednesday,Winter
403.0,61,2004,Dec,Thursday,Winter
497.0,6,2004,Dec,Friday,Winter
395.0,136,2004,Dec,Saturday,Winter
421.0,100,2004,Dec,Sunday,Winter
379.0,96,2004,Dec,Monday,Winter
492.0,80,2004,Dec,Tuesday,Winter
454.0,75,2004,Dec,Wednesday,Winter
452.0,78,2004,Dec,Thursday,Winter
455.0,24,2004,Dec,Friday,Winter
377.0,141,2004,Dec,Saturday,Winter
344.0,81,2004,Dec,Sunday,Winter
417.0,135,2004,Dec,Monday,Winter
344.0,112,2004,Dec,Tuesday,Winter
434.0,60,2004,Dec,Wednesday,Winter
481.0,243,2004,Dec,Thursday,Winter
433.0,131,2004,Dec,Friday,Winter
456.0,155,2005,Jan,Saturday,Winter
460.0,119,2005,Jan,Sunday,Winter
378.0,101,2005,Jan,Monday,Winter
407.0,71,2005,Jan,Tuesday,Winter
521.0,22,2005,Jan,Wednesday,Winter
629.0,25,2005,Jan,Thursday,Winter
455.0,129,2005,Jan,Friday,Winter
329.0,161,2005,Jan,Saturday,Winter
423.0,140,2005,Jan,Sunday,Winter
319.0,91,2005,Jan,Monday,Winter
438.0,30,2005,Jan,Tuesday,Winter
440.0,45,2005,Jan,Wednesday,Winter
579.0,46,2005,Jan,Thursday,Winter
434.0,112,2005,Jan,Friday,Winter
448.0,85,2005,Jan,Saturday,Winter
434.0,-30,2005,Jan,Sunday,Winter
539.0,43,2005,Jan,Monday,Winter
418.0,85,2005,Jan,Tuesday,Winter
487.0,-12,2005,Jan,Wednesday,Winter
413.0,31,2005,Jan,Thursday,Winter
357.0,154,2005,Jan,Friday,Winter
441.0,78,2005,Jan,Saturday,Winter
377.0,100,2005,Jan,Sunday,Winter
500.0,33,2005,Jan,Monday,Winter
548.0,-23,2005,Jan,Tuesday,Winter
432.0,46,2005,Jan,Wednesday,Winter
334.0,149,2005,Jan,Thursday,Winter
455.0,64,2005,Jan,Friday,Winter
428.0,112,2005,Jan,Saturday,Winter
269.0,325,2005,Jan,Sunday,Winter
339.0,-58,2005,Jan,Monday,Winter
357.0,146,2005,Feb,Tuesday,Winter
393.0,125,2005,Feb,Wednesday,Winter
425.0,65,2005,Feb,Thursday,Winter
418.0,97,2005,Feb,Friday,Winter
458.0,126,2005,Feb,Saturday,Winter
349.0,101,2005,Feb,Sunday,Winter
453.0,94,2005,Feb,Monday,Winter
384.0,166,2005,Feb,Tuesday,Winter
635.0,49,2005,Feb,Wednesday,Winter
525.0,154,2005,Feb,Thursday,Winter
611.0,-23,2005,Feb,Friday,Winter
408.0,87,2005,Feb,Saturday,Winter
437.0,94,2005,Feb,Sunday,Winter
283.0,289,2005,Feb,Monday,Winter
391.0,135,2005,Feb,Tuesday,Winter
564.0,100,2005,Feb,Wednesday,Winter
567.0,86,2005,Feb,Thursday,Winter
401.0,38,2005,Feb,Friday,Winter
288.0,178,2005,Feb,Saturday,Winter
405.0,113,2005,Feb,Sunday,Winter
324.0,201,2005,Feb,Monday,Winter
452.0,82,2005,Feb,Tuesday,Winter
367.0,75,2005,Feb,Wednesday,Winter
374.0,62,2005,Feb,Thursday,Winter
605.0,73,2005,Feb,Friday,Winter
467.0,149,2005,Feb,Saturday,Winter
461.0,54,2005,Feb,Sunday,Winter
385.0,97,2005,Feb,Monday,Winter
471.0,140,2005,Mar,Tuesday,Spring
313.0,195,2005,Mar,Wednesday,Spring
506.0,59,2005,Mar,Thursday,Spring
501.0,39,2005,Mar,Friday,Spring
380.0,81,2005,Mar,Saturday,Spring
470.0,69,2005,Mar,Sunday,Spring
533.0,24,2005,Mar,Monday,Spring
397.0,90,2005,Mar,Tuesday,Spring
404.0,76,2005,Mar,Wednesday,Spring
570.0,58,2005,Mar,Thursday,Spring
512.0,68,2005,Mar,Friday,Spring
505.0,59,2005,Mar,Saturday,Spring
484.0,110,2005,Mar,Sunday,Spring
455.0,-8,2005,Mar,Monday,Spring
522.0,120,2005,Mar,Tuesday,Spring
477.0,-55,2005,Mar,Wednesday,Spring
431.0,95,2005,Mar,Thursday,Spring
213.0,228,2005,Mar,Friday,Spring
356.0,65,2005,Mar,Saturday,Spring
381.0,112,2005,Mar,Sunday,Spring
281.0,35,2005,Mar,Monday,Spring
289.0,142,2005,Mar,Tuesday,Spring
383.0,48,2005,Mar,Wednesday,Spring
383.0,76,2005,Mar,Thursday,Spring
331.0,64,2005,Mar,Friday,Spring
382.0,76,2005,Mar,Saturday,Spring
406.0,19,2005,Mar,Sunday,Spring
290.0,169,2005,Mar,Monday,Spring
389.0,59,2005,Mar,Tuesday,Spring
371.0,191,2005,Mar,Wednesday,Spring
608.0,-19,2005,Mar,Thursday,Spring
334.0,130,2005,Apr,Friday,Spring
280.0,75,2005,Apr,Saturday,Spring
291.0,147,2005,Apr,Sunday,Spring
392.0,131,2005,Apr,Monday,Spring
336.0,100,2005,Apr,Tuesday,Spring
315.0,96,2005,Apr,Wednesday,Spring
472.0,65,2005,Apr,Thursday,Spring
445.0,-36,2005,Apr,Friday,Spring
628.0,7,2005,Apr,Saturday,Spring
356.0,66,2005,Apr,Sunday,Spring
454.0,91,2005,Apr,Monday,Spring
347.0,108,2005,Apr,Tuesday,Spring
460.0,167,2005,Apr,Wednesday,Spring
339.0,139,2005,Apr,Thursday,Spring
608.0,162,2005,Apr,Friday,Spring
285.0,126,2005,Apr,Saturday,Spring
369.0,133,2005,Apr,Sunday,Spring
374.0,234,2005,Apr,Monday,Spring
450.0,37,2005,Apr,Tuesday,Spring
298.0,62,2005,Apr,Wednesday,Spring
426.0,62,2005,Apr,Thursday,Spring
293.0,82,2005,Apr,Friday,Spring
286.0,210,2005,Apr,Saturday,Spring
335.0,100,2005,Apr,Sunday,Spring
429.0,104,2005,Apr,Monday,Spring
288.0,61,2005,Apr,Tuesday,Spring
531.0,-62,2005,Apr,Wednesday,Spring
408.0,84,2005,Apr,Thursday,Spring
492.0,38,2005,Apr,Friday,Spring
536.0,21,2005,Apr,Saturday,Spring
509.0,-12,2005,May,Sunday,Spring
328.0,69,2005,May,Monday,Spring
460.0,87,2005,May,Tuesday,Spring
301.0,233,2005,May,Wednesday,Spring
419.0,121,2005,May,Thursday,Spring
379.0,164,2005,May,Friday,Spring
380.0,163,2005,May,Saturday,Spring
475.0,126,2005,May,Sunday,Spring
272.0,259,2005,May,Monday,Spring
384.0,109,2005,May,Tuesday,Spring
301.0,127,2005,May,Wednesday,Spring
359.0,151,2005,May,Thursday,Spring
503.0,110,2005,May,Friday,Spring
234.0,262,2005,May,Saturday,Spring
290.0,179,2005,May,Sunday,Spring
343.0,179,2005,May,Monday,Spring
336.0,127,2005,May,Tuesday,Spring
411.0,124,2005,May,Wednesday,Spring
468.0,52,2005,May,Thursday,Spring
489.0,123,2005,May,Friday,Spring
234.0,310,2005,May,Saturday,Spring
472.0,79,2005,May,Sunday,Spring
380.0,312,2005,May,Monday,Spring
593.0,-138,2005,May,Tuesday,Spring
353.0,40,2005,May,Wednesday,Spring
459.0,70,2005,May,Thursday,Spring
479.0,114,2005,May,Friday,Spring
434.0,99,2005,May,Saturday,Spring
409.0,106,2005,May,Sunday,Spring
419.0,80,2005,May,Monday,Spring
577.0,110,2005,May,Tuesday,Spring
469.0,104,2005,Jun,Wednesday,Summer
425.0,110,2005,Jun,Thursday,Summer
434.0,114,2005,Jun,Friday,Summer
657.0,-161,2005,Jun,Saturday,Summer
265.0,203,2005,Jun,Sunday,Summer
362.0,70,2005,Jun,Monday,Summer
404.0,116,2005,Jun,Tuesday,Summer
320.0,82,2005,Jun,Wednesday,Summer
474.0,68,2005,Jun,Thursday,Summer
382.0,93,2005,Jun,Friday,Summer
522.0,-51,2005,Jun,Saturday,Summer
362.0,57,2005,Jun,Sunday,Summer
370.0,120,2005,Jun,Monday,Summer
292.0,142,2005,Jun,Tuesday,Summer
430.0,62,2005,Jun,Wednesday,Summer
355.0,110,2005,Jun,Thursday,Summer
471.0,-24,2005,Jun,Friday,Summer
496.0,97,2005,Jun,Saturday,Summer
458.0,1,2005,Jun,Sunday,Summer
550.0,-81,2005,Jun,Monday,Summer
467.0,17,2005,Jun,Tuesday,Summer
451.0,-20,2005,Jun,Wednesday,Summer
632.0,23,2005,Jun,Thursday,Summer
489.0,-140,2005,Jun,Friday,Summer
283.0,150,2005,Jun,Saturday,Summer
502.0,16,2005,Jun,Sunday,Summer
310.0,135,2005,Jun,Monday,Summer
330.0,148,2005,Jun,Tuesday,Summer
482.0,27,2005,Jun,Wednesday,Summer
341.0,125,2005,Jun,Thursday,Summer
469.0,-70,2005,Jul,Friday,Summer
451.0,45,2005,Jul,Saturday,Summer
340.0,66,2005,Jul,Sunday,Summer
570.0,1,2005,Jul,Monday,Summer
459.0,-3,2005,Jul,Tuesday,Summer
532.0,51,2005,Jul,Wednesday,Summer
645.0,-135,2005,Jul,Thursday,Summer
396.0,59,2005,Jul,Friday,Summer
407.0,26,2005,Jul,Saturday,Summer
340.0,92,2005,Jul,Sunday,Summer
396.0,118,2005,Jul,Monday,Summer
520.0,-61,2005,Jul,Tuesday,Summer
457.0,14,2005,Jul,Wednesday,Summer
392.0,37,2005,Jul,Thursday,Summer
431.0,26,2005,Jul,Friday,Summer
420.0,18,2005,Jul,Saturday,Summer
421.0,37,2005,Jul,Sunday,Summer
384.0,66,2005,Jul,Monday,Summer
440.0,42,2005,Jul,Tuesday,Summer
477.0,57,2005,Jul,Wednesday,Summer
370.0,103,2005,Jul,Thursday,Summer
569.0,-61,2005,Jul,Friday,Summer
332.0,104,2005,Jul,Saturday,Summer
293.0,107,2005,Jul,Sunday,Summer
401.0,19,2005,Jul,Monday,Summer
324.0,190,2005,Jul,Tuesday,Summer
476.0,-47,2005,Jul,Wednesday,Summer
351.0,54,2005,Jul,Thursday,Summer
361.0,65,2005,Jul,Friday,Summer
377.0,43,2005,Jul,Saturday,Summer
551.0,-21,2005,Jul,Sunday,Summer
279.0,121,2005,Aug,Monday,Summer
371.0,51,2005,Aug,Tuesday,Summer
445.0,-5,2005,Aug,Wednesday,Summer
433.0,5,2005,Aug,Thursday,Summer
430.0,24,2005,Aug,Friday,Summer
355.0,6,2005,Aug,Saturday,Summer
364.0,127,2005,Aug,Sunday,Summer
379.0,91,2005,Aug,Monday,Summer
512.0,4,2005,Aug,Tuesday,Summer
410.0,24,2005,Aug,Wednesday,Summer
484.0,152,2005,Aug,Thursday,Summer
126.0,1018,2005,Aug,Friday,Summer
444.0,-19,2005,Aug,Saturday,Summer
386.0,122,2005,Aug,Sunday,Summer
443.0,45,2005,Aug,Monday,Summer
363.0,22,2005,Aug,Tuesday,Summer
273.0,85,2005,Aug,Wednesday,Summer
347.0,80,2005,Aug,Thursday,Summer
423.0,47,2005,Aug,Friday,Summer
287.0,171,2005,Aug,Saturday,Summer
285.0,25,2005,Aug,Sunday,Summer
281.0,80,2005,Aug,Monday,Summer
472.0,-3,2005,Aug,Tuesday,Summer
317.0,122,2005,Aug,Wednesday,Summer
282.0,44,2005,Aug,Thursday,Summer
390.0,42,2005,Aug,Friday,Summer
361.0,1,2005,Aug,Saturday,Summer
309.0,55,2005,Aug,Sunday,Summer
425.0,44,2005,Aug,Monday,Summer
348.0,114,2005,Aug,Tuesday,Summer
463.0,17,2005,Aug,Wednesday,Summer
273.0,199,2005,Sep,Thursday,Fall
439.0,56,2005,Sep,Friday,Fall
334.0,37,2005,Sep,Saturday,Fall
342.0,104,2005,Sep,Sunday,Fall
316.0,107,2005,Sep,Monday,Fall
257.0,47,2005,Sep,Tuesday,Fall
388.0,12,2005,Sep,Wednesday,Fall
385.0,154,2005,Sep,Thursday,Fall
534.0,-80,2005,Sep,Friday,Fall
403.0,13,2005,Sep,Saturday,Fall
507.0,-69,2005,Sep,Sunday,Fall
425.0,38,2005,Sep,Monday,Fall
301.0,89,2005,Sep,Tuesday,Fall
409.0,11,2005,Sep,Wednesday,Fall
675.0,31,2005,Sep,Thursday,Fall
472.0,63,2005,Sep,Friday,Fall
372.0,72,2005,Sep,Saturday,Fall
382.0,136,2005,Sep,Sunday,Fall
582.0,-29,2005,Sep,Monday,Fall
491.0,-48,2005,Sep,Tuesday,Fall
520.0,42,2005,Sep,Wednesday,Fall
547.0,22,2005,Sep,Thursday,Fall
418.0,163,2005,Sep,Friday,Fall
343.0,159,2005,Sep,Saturday,Fall
408.0,127,2005,Sep,Sunday,Fall
525.0,-66,2005,Sep,Monday,Fall
528.0,16,2005,Sep,Tuesday,Fall
579.0,-25,2005,Sep,Wednesday,Fall
257.0,38,2005,Sep,Thursday,Fall
259.0,360,2005,Sep,Friday,Fall
576.0,-20,2005,Oct,Saturday,Fall
316.0,-17,2005,Oct,Sunday,Fall
210.0,130,2005,Oct,Monday,Fall
428.0,64,2005,Oct,Tuesday,Fall
447.0,67,2005,Oct,Wednesday,Fall
427.0,36,2005,Oct,Thursday,Fall
210.0,180,2005,Oct,Friday,Fall
330.0,180,2005,Oct,Saturday,Fall
565.0,17,2005,Oct,Sunday,Fall
389.0,-43,2005,Oct,Monday,Fall
433.0,119,2005,Oct,Tuesday,Fall
657.0,-49,2005,Oct,Wednesday,Fall
450.0,-116,2005,Oct,Thursday,Fall
357.0,180,2005,Oct,Friday,Fall
630.0,-118,2005,Oct,Saturday,Fall
523.0,25,2005,Oct,Sunday,Fall
433.0,-52,2005,Oct,Monday,Fall
427.0,38,2005,Oct,Tuesday,Fall
548.0,19,2005,Oct,Wednesday,Fall
385.0,119,2005,Oct,Thursday,Fall
90.0,390,2005,Oct,Friday,Fall
473.0,0,2005,Oct,Saturday,Fall
530.0,1,2005,Oct,Sunday,Fall
407.0,44,2005,Oct,Monday,Fall
571.0,-41,2005,Oct,Tuesday,Fall
455.0,101,2005,Oct,Wednesday,Fall
642.0,-85,2005,Oct,Thursday,Fall
385.0,151,2005,Oct,Friday,Fall
467.0,2,2005,Oct,Saturday,Fall
480.0,16,2005,Oct,Sunday,Fall
647.0,-11,2005,Oct,Monday,Fall
370.0,44,2005,Nov,Tuesday,Fall
259.0,405,2005,Nov,Wednesday,Fall
259.0,289,2005,Nov,Thursday,Fall
411.0,74,2005,Nov,Friday,Fall
218.0,-3,2005,Nov,Saturday,Fall
429.0,135,2005,Nov,Sunday,Fall
374.0,204,2005,Nov,Monday,Fall
693.0,-3,2005,Nov,Tuesday,Fall
512.0,-90,2005,Nov,Wednesday,Fall
720.0,60,2005,Nov,Thursday,Fall
597.0,-121,2005,Nov,Friday,Fall
351.0,160,2005,Nov,Saturday,Fall
421.0,242,2005,Nov,Sunday,Fall
348.0,-84,2005,Nov,Monday,Fall
441.0,96,2005,Nov,Tuesday,Fall
315.0,38,2005,Nov,Wednesday,Fall
349.0,157,2005,Nov,Thursday,Fall
559.0,109,2005,Nov,Friday,Fall
449.0,122,2005,Nov,Saturday,Fall
463.0,136,2005,Nov,Sunday,Fall
269.0,227,2005,Nov,Monday,Fall
516.0,16,2005,Nov,Tuesday,Fall
203.0,313,2005,Nov,Wednesday,Fall
484.0,31,2005,Nov,Thursday,Fall
623.0,75,2005,Nov,Friday,Fall
554.0,27,2005,Nov,Saturday,Fall
473.0,131,2005,Nov,Sunday,Fall
440.0,107,2005,Nov,Monday,Fall
443.0,98,2005,Nov,Tuesday,Fall
425.0,119,2005,Nov,Wednesday,Fall
524.0,-2,2005,Dec,Thursday,Winter
462.0,116,2005,Dec,Friday,Winter
598.0,56,2005,Dec,Saturday,Winter
444.0,-86,2005,Dec,Sunday,Winter
395.0,128,2005,Dec,Monday,Winter
538.0,9,2005,Dec,Tuesday,Winter
492.0,56,2005,Dec,Wednesday,Winter
322.0,78,2005,Dec,Thursday,Winter
652.0,31,2005,Dec,Friday,Winter
336.0,99,2005,Dec,Saturday,Winter
447.0,31,2005,Dec,Sunday,Winter
376.0,92,2005,Dec,Monday,Winter
400.0,-21,2005,Dec,Tuesday,Winter
357.0,83,2005,Dec,Wednesday,Winter
404.0,35,2005,Dec,Thursday,Winter
384.0,-54,2005,Dec,Friday,Winter
408.0,73,2005,Dec,Saturday,Winter
377.0,-6,2005,Dec,Sunday,Winter
387.0,43,2005,Dec,Monday,Winter
503.0,-40,2005,Dec,Tuesday,Winter
368.0,30,2005,Dec,Wednesday,Winter
417.0,-10,2005,Dec,Thursday,Winter
37.0,1403,2005,Dec,Friday,Winter
494.0,-38,2005,Dec,Saturday,Winter
505.0,0,2005,Dec,Sunday,Winter
492.0,-43,2005,Dec,Monday,Winter
264.0,166,2005,Dec,Tuesday,Winter
389.0,-9,2005,Dec,Wednesday,Winter
490.0,55,2005,Dec,Thursday,Winter
645.0,-137,2005,Dec,Friday,Winter
395.0,-50,2005,Dec,Saturday,Winter
575.0,-27,2006,Jan,Sunday,Winter
279.0,196,2006,Jan,Monday,Winter
309.0,75,2006,Jan,Tuesday,Winter
453.0,10,2006,Jan,Wednesday,Winter
448.0,33,2006,Jan,Thursday,Winter
375.0,90,2006,Jan,Friday,Winter
465.0,8,2006,Jan,Saturday,Winter
405.0,71,2006,Jan,Sunday,Winter
281.0,106,2006,Jan,Monday,Winter
362.0,29,2006,Jan,Tuesday,Winter
330.0,60,2006,Jan,Wednesday,Winter
330.0,60,2006,Jan,Thursday,Winter
330.0,60,2006,Jan,Friday,Winter
330.0,60,2006,Jan,Saturday,Winter
330.0,60,2006,Jan,Sunday,Winter
330.0,60,2006,Jan,Monday,Winter
330.0,60,2006,Jan,Tuesday,Winter
330.0,60,2006,Jan,Wednesday,Winter
533.0,60,2006,Jan,Thursday,Winter
608.0,-204,2006,Jan,Friday,Winter
435.0,10,2006,Jan,Saturday,Winter
364.0,109,2006,Jan,Sunday,Winter
403.0,18,2006,Jan,Monday,Winter
441.0,-47,2006,Jan,Tuesday,Winter
80.0,617,2006,Jan,Wednesday,Winter
343.0,48,2006,Jan,Thursday,Winter
0.0,0,2006,Jan,Friday,Winter
189.0,745,2006,Jan,Saturday,Winter
0.0,0,2006,Jan,Sunday,Winter
282.0,377,2006,Jan,Monday,Winter
292.0,85,2006,Jan,Tuesday,Winter
431.0,20,2006,Feb,Wednesday,Winter
440.0,98,2006,Feb,Thursday,Winter
567.0,-36,2006,Feb,Friday,Winter
336.0,41,2006,Feb,Saturday,Winter
318.0,-46,2006,Feb,Sunday,Winter
418.0,-13,2006,Feb,Monday,Winter
342.0,56,2006,Feb,Tuesday,Winter
375.0,34,2006,Feb,Wednesday,Winter
446.0,90,2006,Feb,Thursday,Winter
355.0,131,2006,Feb,Friday,Winter
376.0,120,2006,Feb,Saturday,Winter
541.0,10,2006,Feb,Sunday,Winter
412.0,-53,2006,Feb,Monday,Winter
363.0,61,2006,Feb,Tuesday,Winter
396.0,53,2006,Feb,Wednesday,Winter
539.0,122,2006,Feb,Thursday,Winter
554.0,-227,2006,Feb,Friday,Winter
586.0,23,2006,Feb,Saturday,Winter
392.0,98,2006,Feb,Sunday,Winter
287.0,56,2006,Feb,Monday,Winter
543.0,18,2006,Feb,Tuesday,Winter
482.0,119,2006,Feb,Wednesday,Winter
367.0,121,2006,Feb,Thursday,Winter
442.0,93,2006,Feb,Friday,Winter
506.0,60,2006,Feb,Saturday,Winter
526.0,142,2006,Feb,Sunday,Winter
487.0,282,2006,Feb,Monday,Winter
274.0,274,2006,Feb,Tuesday,Winter
506.0,42,2006,Mar,Wednesday,Spring
558.0,154,2006,Mar,Thursday,Spring
783.0,-117,2006,Mar,Friday,Spring
415.0,207,2006,Mar,Saturday,Spring
359.0,209,2006,Mar,Sunday,Spring
240.0,240,2006,Mar,Monday,Spring
396.0,165,2006,Mar,Tuesday,Spring
423.0,150,2006,Mar,Wednesday,Spring
535.0,100,2006,Mar,Thursday,Spring
477.0,99,2006,Mar,Friday,Spring
300.0,240,2006,Mar,Saturday,Spring
412.0,180,2006,Mar,Sunday,Spring
563.0,202,2006,Mar,Monday,Spring
554.0,248,2006,Mar,Tuesday,Spring
430.0,227,2006,Mar,Wednesday,Spring
719.0,163,2006,Mar,Thursday,Spring
357.0,194,2006,Mar,Friday,Spring
443.0,16,2006,Mar,Saturday,Spring
467.0,239,2006,Mar,Sunday,Spring
400.0,261,2006,Mar,Monday,Spring
504.0,223,2006,Mar,Tuesday,Spring
320.0,327,2006,Mar,Wednesday,Spring
484.0,101,2006,Mar,Thursday,Spring
466.0,136,2006,Mar,Friday,Spring
398.0,199,2006,Mar,Saturday,Spring
358.0,278,2006,Mar,Sunday,Spring
454.0,193,2006,Mar,Monday,Spring
365.0,251,2006,Mar,Tuesday,Spring
349.0,241,2006,Mar,Wednesday,Spring
489.0,211,2006,Mar,Thursday,Spring
275.0,240,2006,Mar,Friday,Spring
465.0,93,2006,Apr,Saturday,Spring
557.0,94,2006,Apr,Sunday,Spring
610.0,-34,2006,Apr,Monday,Spring
415.0,67,2006,Apr,Tuesday,Spring
436.0,70,2006,Apr,Wednesday,Spring
387.0,81,2006,Apr,Thursday,Spring
656.0,-24,2006,Apr,Friday,Spring
463.0,95,2006,Apr,Saturday,Spring
493.0,-17,2006,Apr,Sunday,Spring
482.0,-8,2006,Apr,Monday,Spring
542.0,64,2006,Apr,Tuesday,Spring
417.0,111,2006,Apr,Wednesday,Spring
392.0,33,2006,Apr,Thursday,Spring
411.0,102,2006,Apr,Friday,Spring
339.0,141,2006,Apr,Saturday,Spring
453.0,27,2006,Apr,Sunday,Spring
502.0,-6,2006,Apr,Monday,Spring
316.0,71,2006,Apr,Tuesday,Spring
287.0,169,2006,Apr,Wednesday,Spring
335.0,246,2006,Apr,Thursday,Spring
0.0,0,2006,Apr,Friday,Spring
